Aase, Alexander D.	59899	Multnomah County Sheriff's Office
Abdal, Nivene G.	60670	DOC/Two Rivers Correctional Institution
Abdich, Anthony L.	60284	DOC/Eastern Oregon Correctional Institut
Adair, Forest J.	60663	DOC/Oregon State Penitentiary
Adams, Jacob J.	61107	Forest Grove Police Department
Adams, Jared M.	60505	DOC/Two Rivers Correctional Institution
Adams, Quinton J.	60507	DOC/Two Rivers Correctional Institution
Afdup, Mohamed A.	60188	Portland Police Bureau
Albert, Lake R.	59956	DOC/Eastern Oregon Correctional Institut
Alcorn, Brad R.	60243	Curry County Sheriff's Office
Alexander, Joshua R.	59949	Bend Police Department
Alexander, Victor E.	61143	Lane County Sheriff's Office
Alfonso, Anson P.	60285	DOC/Eastern Oregon Correctional Institut
Alioth, Tracy L.	60455	Portland Police Bureau
Allard, Stephanie L.	60414	DOC/Coffee Creek Correctional Facility
Allen, April E.	61101	Portland Police Bureau
Allen, Brooke E.	60791	Malheur County Sheriff's Office
Allen, John F.	21393	Washington County Sheriff's Office
Allen, John F.	21393	Oregon City Police Department
Allen, Joshua L.	60279	Deschutes County Sheriff's Office
Allen, Kate A.	60087	DOC/Two Rivers Correctional Institution
Allison, Melissa	60039	DPSST Use Only
Allman, James D.	61154	Columbia River Inter-Tribal Police Dept.
Alonso-Nolasco, Adolfo	59783	DOC/Coffee Creek Correctional Facility
Altheide, Dwight R.	60484	DPSST Use Only
Alvarado, Jeremy R.	60274	DOC/Snake River Correctional Institution
Alvarez, Ivan A.	60436	Portland Police Bureau
Andersen, Braden L.	60477	Washington County Sheriff's Office
Anderson, Christopher L.	60515	Washington County Community Corrections
Anderson, Evan M.	59656	Ashland Police Department
Anderson, Hannah D.	60816	Medford Police Department
Anderson, Whitney B.	59770	Portland Police Bureau
Andring, Bobbie J.	61032	Astoria Police Department
Andrion, Christopher J.	59818	Out of State Employment
Andrion, Christopher J.	59818	Marion County Sheriff's Office
Andvik, Jon	60688	DOC/Eastern Oregon Correctional Institut
Ane, Cally N.	61050	Washington County Community Corrections
Anthony, Jason W.	60782	Lake County Sheriff's Office
Arbogast, Amber M.	61125	DOC/Snake River Correctional Institution
Arbogast, Sean B.	60928	Eugene Police Department
Arbogast, Shae-Lee M.	60467	Umatilla County Sheriff's Office
Arden, Gabriel K.	60989	Portland Police Bureau
Arguien, Nathaniel J.	60788	Bend Police Department
Arigbon, Olutayo P.	59769	Portland Police Bureau
Arington, Johnathon S.	60207	Multnomah County Sheriff's Office
Armstrong, Jonathan L.	60068	Multnomah County Sheriff's Office
Aroonsuck, Krute	59732	Out of State Employment
Aroonsuck, Krute	59732	Portland Police Bureau
Asboe, Tera Y.	60801	Clackamas County Communications
Ash, Cody L.	59826	Benton County Sheriff's Office
Ashenfelter, Aaron L.	59940	Oregon State Police
Ashenfelter, Ross D.	60074	DOC/Two Rivers Correctional Institution
Asher, Ryan G.	61037	Frontier Regional 9-1-1
Askelson, Bryce A.	60861	Portland Police Bureau
Atherley, Eric D.	60132	Federal Bureau of Investigation
Atterbury, Shon M.	61019	Douglas County Sheriff's Office
Aubrey, Casey D.	61126	DOC/Snake River Correctional Institution
Austin, Jeremy E.	61090	Beaverton Police Department
Austin, Lindsay M.	59699	Marion County Sheriff's Office
Ayhens, Cole M.	60573	DOC/Powder River Correctional Facility
Bach, Chad C.	60103	Deschutes County Sheriff's Office
Backer, Courtney M.	60891	Dallas Police Department
Badger, Alina M.	60660	DOC/Oregon State Penitentiary
Baese, Brett C.	60999	Washington County Sheriff's Office
Bahrns, Jeff A.	60654	Umatilla County Sheriff's Office
Baker, Emma S.	60574	DOC/Coffee Creek Correctional Facility
Baker, James R.	59738	Umatilla County Sheriff's Office
Baley, Sarah E.	59970	Lincoln City Police Department
Ball, Shayla K.	60527	Lake Oswego Police Department
Bardin, Chase A.	59984	DOC/Snake River Correctional Institution
Barnes, Autumn L.	59902	Douglas County Sheriff's Office
Barnes, Autumn L.	59902	Frontier Regional 9-1-1
Barnes, Briana N.	61033	Deschutes County 9-1-1
Barnes, Ethan C.	60610	Josephine County Sheriff's Office
Barnes, Jonna L.	60110	DOC/Eastern Oregon Correctional Institut
Barnes, Joshua R.	59690	Lebanon Police Department
Barnes, Keanna R.	59962	Washington County Sheriff's Office
Barnett, Danny R.	28005	Deschutes County Sheriff's Office
Barnett, Danny R.	28005	Out of State Employment
Barrera, Axel A.	60088	DOC/Two Rivers Correctional Institution
Barrier, Phillip G.	60490	Lane County Sheriff's Office
Barrs, Thomas R.	60626	U.S. Forest Service
Bartels, Kenneth R.	61058	DOC/Oregon State Penitentiary
Bartko, Betsy A.	60482	Federal Bureau of Investigation
Basaraba, Zachary J.	59753	DOC/Oregon State Penitentiary
Bass, Antoinette	60000	Oregon State University Police Dept
Basso, Richard A.	60618	Josephine County Sheriff's Office
Basso, Richard A.	60618	Out of State Employment
Baten, Christopher E.	60421	Portland Police Bureau
Baten, Christopher E.	60421	Out of State Employment
Bates, Nicholas A.	59857	Department of Veterans Affairs
Bates, William G.	61057	DOC/Oregon State Penitentiary
Baugh, Jeffrey E.	60269	Out of State Employment
Baugh, Jeffrey E.	60269	Eugene Police Department
Baumer, Annette M.	59726	DOC/Snake River Correctional Institution
Beach, Dixie V.	59853	Florence Police Department
Bec, Louie J.	59836	Tigard Police Department
Becker, Jessica L.	60286	DOC/Eastern Oregon Correctional Institut
Beedle, Dustin D.	59709	Portland Police Bureau
Beeson, Benjamin G.	60759	Oregon State Police
Behm, Aaron D.	61151	Polk County Sheriff's Office
Belitz, Ryan C.	59692	Crook County Sheriff's Office
Bennett, Cody S.	59697	Burns Paiute Tribal Police Department
Bennett, Taylor E.	60990	Salem Police Department
Bento, Janson L.	60287	Clackamas County Sheriff's Office
Beovich, Brandon J.	59934	Oregon State Police
Berkey, Kelly L.	60351	Warm Springs Police Department
Berry, Carson R.	60653	Winston Police Department
Berryman, Landon A.	59796	Federal Bureau of Investigation
Best, Hayden T.	60117	Medford Police Department
Biancone, Richelle B.	60728	METCOM 9-1-1
Biencourt, Shelby D.	60367	Grants Pass Dept of Public Safety
Bingham, Joshua L.	59990	DOC/Snake River Correctional Institution
Bingham, Tamatha G.	60834	DOC/Snake River Correctional Institution
Bishop, Daniel A.	60678	DOC/Oregon State Correctional Institutio
Bishop, Gallagher R.	60744	Oregon State Police
Bithell, Joshua A.	60948	DOC/Coffee Creek Correctional Facility
Black, Tracy A.	60796	Out of State Employment
Black, Tracy A.	60796	Yamhill County Sheriff's Office
Blake, Dion T.	61082	Lincoln County Sheriff's Office
Blakeley, Robert J.	60315	DOC/Two Rivers Correctional Institution
Blanco, Alejandro M.	60308	DOC/Eastern Oregon Correctional Institut
Blankenbaker, Aric E.	60176	DOC/Coffee Creek Correctional Facility
Blankenship, Brie J.	61030	Yamhill Communications
Blasingame, Stephanie D.	60262	DHS Federal Protective Service-Portland
Blevins, Cheryl A.	59741	DOC/Warner Creek Correctional Facility
Bleyenberg, Troy L.	60506	DOC/Two Rivers Correctional Institution
Bloom, Brandon R.	60981	Corvallis Police Department
Bohning, Ryan J.	59941	Oregon State Police
Bohning, Ryan J.	59941	Out of State Employment
Boileau, Gabriel A.	60789	Bend Police Department
Bolduc, Krystal M.	60011	Curry County Sheriff's Office
Bonawitz, Taylor J.	60186	DOC/Linn County Community Corrections
Boone, Leah K.	60700	Benton County Sheriff's Office
Boots, Max L.	60985	Medford Police Department
Borges, Dean A.	60521	Sherwood Police Department
Borrou, Ethan S.	59825	Jackson County Sheriff's Office
Boster, John H.	60302	Linn County Sheriff's Office
Bottoms, Christopher M.	61006	Josephine County Sheriff's Office
Bowditch, Elizabeth L.	61150	Federal Bureau of Investigation
Bowen, Brandon L.	59763	Douglas County Sheriff's Office
Bowen, Henry P., II	59708	Josephine County Sheriff's Office
Bowen, Michael L.	59995	Multnomah County Sheriff's Office
Bowers, Blake C.	60586	Philomath Police Department
Bowman, Ashley L.	60915	Multnomah County Sheriff's Office
Bowman, Breeanna E.	60453	Lane County Sheriff's Office
Box, David P.	24194	Polk County Sheriff's Office
Boyd, Devin L.	60594	Douglas County Sheriff's Office
Boyd, Joseph A.	60960	Tillamook County Sheriff's Office
Boyd, Stephanie	61027	Oregon Liquor Control Commission
Boyes, Michael R.	60868	Sandy Police Department
Bradley, Michael W.	60109	DOC/Eastern Oregon Correctional Institut
Brady, Preston D.	60877	DOC/Oregon State Penitentiary
Brady, William H.	60736	Multnomah County Sheriff's Office
Brand, Ryan E.	60040	Josephine County Sheriff's Office
Brandt, Matthew G.	27893	Springfield Police Department
Brandt, Matthew G.	27893	Josephine County Sheriff's Office
Brandt, Matthew G.	27893	DPSST Use Only
Branion, Raymond M.	59820	Brookings Police Department
Brant, DeShawn M.	60560	Springfield Police Department
Braun, Jordan R.	60027	Morrow County Sheriff's Office
Bredahl, Julianna R.	59840	Portland Police Bureau
Breeding-Ferrell, Justin W.	60047	Lane County Sheriff's Office
Brennan, Drake D.	60777	Grants Pass Dept of Public Safety
Breshears, Darrin C.	60433	Linn County Sheriff's Office
Brett, Victor M.	60706	Tigard Police Department
Breunle, Gary A., Jr.	43475	Board Regulatory Action
Breunle, Gary A., Jr.	43475	DOC/Oregon State Correctional Institutio
Brewer, James M.	60616	Portland Police Bureau
Brill, Collin M.	59914	Keizer Police Department
Britt, Steven D.	60717	Lincoln County Community Corrections
Brooks, Colton D.	59781	DOC/Coffee Creek Correctional Facility
Brooks, Joel R.	60360	DOC/Oregon State Penitentiary
Broussard, Cody J.	60901	Malin Police Department
Brown, Christopher J.	60614	Washington County Community Corrections
Brown, John J.	60621	Eugene Police Department
Brown, Kenneth C.	60147	Bend Police Department
Brown, Melissa A.	59817	Baker County Sheriff's Office
Brown, Tristian B.	60124	Douglas County Sheriff's Office
Bruce, Jedidiah E.	59746	DOC/Mill Creek Correctional Facility
Brunick, Joseph	07539	Clatsop County Sheriff's Office
Brunick, Joseph	07539	Out of State Employment
Brush, Elijah M.	60080	DOC/Two Rivers Correctional Institution
Bryant, Dillon J.	60419	Central Lane Communications Center
Bryant, Kyle N.	37775	DOC/Eastern Oregon Correctional Institut
Buchan, Victoria A.	60622	Eugene Police Department
Buckholz, Alexis L.	60164	Marion County Sheriff's Office
Buckles, Joshua A.	59939	Oregon State Police
Bullard, Brenda L.	60278	Deschutes County Sheriff's Office
Bullington, Tyler R.	60390	Ontario Police Department
Bullington, Tyler R.	60390	Out of State Employment
Burden, Corinne	60032	DOC/Oregon State Correctional Institutio
Burgess, Christopher R.	60261	St. Helens Police Department
Burgess, Curtis L.	60835	Portland Police Bureau
Burgess, Dante J.	60737	Multnomah County Sheriff's Office
Burgess, Jasmin R.	60979	Multnomah County Sheriff's Office
Burian, Corwin C.	61001	Marion County Sheriff's Office
Burke, Richard T.	59938	Oregon State Police
Burkhardt, Rebekah A.	60399	Prineville Police Department
Burnham, Nicole A.	59714	Clackamas County Communications
Burt, Richard J.	61035	Astoria Police Department
Burton, Monica V.	60218	Emergency Communications of Southern Ore
Bush, Jasmine L.	60090	DOC/Two Rivers Correctional Institution
Butchko, Brandon M.	60290	Portland Police Bureau
Buttram, Joseph T.	60828	DOC/Snake River Correctional Institution
Bynon, Alexis R.	61122	W.C.C.C.A.
Calderone, Douglas A.	60462	Multnomah County Sheriff's Office
Calio, Jason M.	60691	U.S. Postal Inspection Service
Camacho, Jason	60798	Out of State Employment
Camacho, Jason	60798	Bend Police Department
Cannetti, Cecelia C.	60066	Yamhill County Sheriff's Office
Cannon, Trent D.	60320	DOC/Two Rivers Correctional Institution
Cantrell, Austin D.	60741	Oregon State Police
Canucci, Dean J.	60003	Carlton Police Department
Caramucci, Katherine L.	60133	Portland Police Bureau
Caravalho, Alexa K.	60471	Lane County Sheriff's Office
Carbone, Taylor M.	60883	Gresham Police Department
Cardenas, Dana E.	60073	DOC/Two Rivers Correctional Institution
Cardoso, Dayana	59764	DOC/Columbia River Correctional Institut
Carey, Meagan T.	59832	DOC/Oregon State Penitentiary
Carlson, Jeremy A.	61105	Portland Police Bureau
Carlson, Steven P.	60640	North Bend Police Department
Carlson, Tiffany H.	60350	Bureau of Emergency Communications
Carman, Mitchell	60929	Eugene Police Department
Carpenter, Daniel P.	60764	Warrenton Police Department
Carpenter, Daniel P.	60764	Out of State Employment
Carpenter, Savannah N.	60723	Grants Pass Dept of Public Safety
Carpenter, Tyler R.	60168	DOC/Coffee Creek Correctional Facility
Carr, Travis L.	59766	Morrow County Sheriff's Office
Carrigan, Robert A.	60010	Hillsboro Police Department
Carson, Antonea C.	60460	Portland Police Bureau
Carter, Quentin A.	60747	Oregon State Police
Casarez, Daniel L.	59900	Springfield Police Department
Cassady, Janice E.	22869	Multnomah County Sheriff's Office
Cassady, Janice E.	22869	Lane County Sheriff's Office
Castano, Parker J.	60794	Washington County Sheriff's Office
Castillo, Marivel A.	59989	DOC/Snake River Correctional Institution
Castro-Ramos, Hector M.	59993	Out of State Employment
Castro-Ramos, Hector M.	59993	Multnomah County Sheriff's Office
Castro-Rodriguez, Juan M.	59998	The Dalles Police Department
Caswell, Daniel R.	60684	DOC/Eastern Oregon Correctional Institut
Cate, Michelle M.	60773	Oregon Liquor Control Commission
Catron, Andrew D.	59955	DOC/Eastern Oregon Correctional Institut
Caudle, Jade A.	59972	Corvallis Police Department
Ceciliani, David J.	60031	DOC/Oregon State Correctional Institutio
Chamberlain, Blake R.	59801	Multnomah County Sheriff's Office
Chambers, Brandy P.	59887	Central Lane Communications Center
Chaney, Rachel R.	61044	Milton-Freewater Police Department
Chang, Yao R.	60404	St. Helens Police Department
Chapek, Joshua J.	60466	Clackamas County Sheriff's Office
Charbonneau, Chase B.	60784	Benton County Sheriff's Office
Charge, Brandon W.	60145	Marion County Sheriff's Office
Chavez, Christina C.	60327	Deschutes County 9-1-1
Chavez, Lon M.	60695	DOC/Powder River Correctional Facility
Cheeseman, Bruce E.	59813	Union County Sheriff's Office
Childers, Hannah J.	60199	Mercy Flights
Chrisemer, Cameron J.	60427	Marion County Sheriff's Office
Church, Troy D.	59915	Josephine County Sheriff's Office
Cirilo, Michael R.	59703	Florence Police Department
Claggett, Kyle T.	60890	Dallas Police Department
Clapshaw, Brandon S.	61116	Columbia County Sheriff's Office
Clardy, Kathleen J.	60635	Reedsport Police Department
Clark, Kendall O.	60014	Multnomah County Sheriff's Office
Cleary, Joseph M.	60644	Clatsop County Sheriff's Office
Clinton, Adam D.	60643	Ontario Police Department
Clinton, Adam D.	60643	Out of State Employment
Coan, David C.	60331	Oregon City Police Department
Cobb, Emily C.	60163	Jackson County Community Justice
Cobian, Brantly M.	60873	DOC/Warner Creek Correctional Facility
Coffman, Jacob W.	60671	DOC/Two Rivers Correctional Institution
Coffman, Leslie M.	60958	DOC/Two Rivers Correctional Institution
Cole, Aaron A.	60371	DOC/Oregon State Penitentiary
Collins, William H.	60833	DOC/Snake River Correctional Institution
Collinson, Julie L.	60905	DPSST Use Only
Colula, Jesus A.	60854	DOC/Two Rivers Correctional Institution
Conklin, Bryan F.	60426	DOC/Powder River Correctional Facility
Conley, Miranda L.	59822	DOC/Warner Creek Correctional Facility
Conrad, Tyler L.	60857	Multnomah County Sheriff's Office
Cook, Thomas D.	60183	Lincoln County Sheriff's Office
Cooley, Samantha S.	60417	DOC/Coffee Creek Correctional Facility
Cooley, Samantha S.	60417	Yamhill County Sheriff's Office
Cordes, Cody J.	60756	Oregon State Police
Cordry, Ethan T.	61025	Multnomah County Sheriff's Office
Cortes, Rodrigo	61127	DOC/Snake River Correctional Institution
Cortinas, Nicanor A.	59937	Oregon State Police
Cossey, Daniel J.	60264	Portland Police Bureau
Costa, Phillip M.	60252	Corvallis Police Department
Cote, Emily M.	60927	Portland Police Bureau
Crateau, Sarah B.	60334	Willamette Valley Communications Center
Crawford, Christian M.	59841	Eugene Police Department
Crawford, Joseph B.	61073	Emergency Communications of Southern Ore
Crawford, Katharine E.	60734	Springfield Police Department
Creps, Gerrit H.	60304	Clackamas County Sheriff's Office
Cromwell, Alexandrea F.	61072	Yamhill County Sheriff's Office
Cronin, Lawrence K.	60815	Portland Police Bureau
Cruz, Erica L.	60349	Bureau of Emergency Communications
Cruz-DePaz, Marlin Y.	61015	Jackson County Sheriff's Office
Cruz-Juarez, Luis A.	59752	DOC/Oregon State Penitentiary
Culp, Kenneth B.	60076	DOC/Two Rivers Correctional Institution
Cuneta, Roberto A.	60301	Warm Springs Police Department
Cunningham, Brianna J.	60049	Multnomah County Sheriff's Office
Cutillo, Kevin A.	60295	Washington County Sheriff's Office
D'Avanzo, Samuel D.	60949	DOC/Eastern Oregon Correctional Institut
Dahl, Ian H.	59702	Roseburg Police Department
Dahl, Spencer D.	60884	Roseburg Police Department
Dahlke, Loren E.	60174	DOC/Coffee Creek Correctional Facility
Dale, Melissa S.	60458	Oregon Liquor Control Commission
Daley, Derrick D.	60450	Portland Police Bureau
Danielson, Nichol M.	60894	Portland Police Bureau
Dantzler, Julian P.	60225	DOC/Columbia River Correctional Institut
Dargahi, Ross	60727	Deschutes County Sheriff's Office
Darling, Wesley T.	59704	Florence Police Department
Darling, Wesley T.	59704	Eugene Police Department
Darren, Michael J.	60381	U.S. Health & Human Services
Daugherty, Austin C.	59944	Oregon State Police
David, Kyle R.	60050	Sutherlin Police Department
Davis, Amy M.	60991	Salem Police Department
Davis, Bradlee J.	61003	Reedsport Police Department
Davis, Brian S.	25612	DOC/Oregon State Penitentiary
Davis, Brian S.	25612	DOC/Shutter Creek Correctional Instituti
Davis, Eddy L.	60488	Umatilla County Sheriff's Office
Davis, Grant M.	59674	Myrtle Creek Police Department
Davis, Jared D., Jr.	59727	DOC/Snake River Correctional Institution
Davis, Jared W.	60500	Lane County Sheriff's Office
Davis, Matthew K.	60530	Wheeler County Sheriff's Office
Davis, Sharra L.	60309	DOC/Eastern Oregon Correctional Institut
Dawley, Robert L.	59806	Josephine County Sheriff's Office
Dean, Brett L.	59696	U.S. Fish and Wildlife
Deane, Trevor A.	60746	Oregon State Police
Deboodt, Russell C.	60781	Prineville Police Department
Dee, Samantha Q.	59821	Oregon State Police
DeHart, David L.	60118	Portland Police Bureau
Deines, Daniel J.	59678	Josephine County Sheriff's Office
Dekanu, Mykal J.	60738	Linn County Sheriff's Office
DeLeon, Sarena N.	59888	Grants Pass Dept of Public Safety
DeLong, Spenser M.	60604	Portland Police Bureau
DePaulo, Nicholas M.	60613	Umatilla Tribal Police Department
Derr, Shane W.	61128	DOC/Snake River Correctional Institution
DeVaney, John C.	60259	Benton County Sheriff's Office
DeVaney, John C.	60259	Out of State Employment
Devouassoux, Cynthia D.	60420	Coos County Sheriff's Office
Dewald, Maricela A.	59871	Clackamas County Sheriff's Office
Diaz, Miguel A.	60447	Portland Police Bureau
Diaz-Ching, Alejandro	60711	Linn County Sheriff's Office
Dibble, Maycie E.	60250	North Bend Police Department
DiCarlo, Brian C.	60422	Portland Police Bureau
DiCarlo, Cole A.	61026	Columbia County Sheriff's Office
Dick, Bobby J., Jr.	47300	Board Regulatory Action
Dick, Bobby J., Jr.	47300	DOC/Eastern Oregon Correctional Institut
Dickens, Kenneth L.	59664	Oregon Liquor Control Commission
Diebel, Nathan W.	60185	Corvallis Police Department
Diehl, Scott R.	59876	Marion County Sheriff's Office
Dieterich, Oskar C.	60758	Oregon State Police
Dietrich, Scott D.	60842	DOC/Oregon State Penitentiary
Diggs, Trinity A.	61034	Deschutes County 9-1-1
Dillon, Margaret A.	60535	Clackamas County Communications
Dimalanta, Philip H.	61071	Beaverton Police Department
Dod, Eva L.	59973	Corvallis Police Department
Dolar, Jeremy K.	60319	DOC/Two Rivers Correctional Institution
Dominick, Timothy J.	60556	Multnomah County Sheriff's Office
Donheiser, Rachel A.	60160	Frontier Regional 9-1-1
Doty, Alyssa L.	60537	Corvallis Police Department
Doughty, Lauren K.	61022	Washington County Community Corrections
Douglas, Spencer D.	60641	Tigard Police Department
Dowding, Barrett J.	59835	Linn County Sheriff's Office
Downes, Brett T.	60340	DOC/Oregon State Correctional Institutio
Downey, Travis R.	60959	Tillamook County Sheriff's Office
Dowty, Jacob F.	60165	Warm Springs Police Department
Draghici, Marius F.	60503	Washington County Sheriff's Office
Drenner, Jonathan W.	59994	Multnomah County Sheriff's Office
Driscoll, Thomas W.	60950	DOC/Eastern Oregon Correctional Institut
Drorbaugh, Angela M.	50325	Amity Police Department
Drorbaugh, Angela M.	50325	Yamhill Communications
Droullard, Joshua D.	60221	Emergency Communications of Southern Ore
Duarte, Ben-Gregorio S.	60373	DOC/Mill Creek Correctional Facility
Dubal, Michael J.	60312	DOC/Warner Creek Correctional Facility
Dubuque-Thomson, Sommer L.	60358	Tillamook County 911
Duff, Jeremy R.	61064	DOC/Oregon State Penitentiary
Duman, Raymond A.	20587	Oregon State Police
Duman, Raymond A.	20587	Baker City Police Department
Duncan, Brittany J.	60328	Umatilla County Sheriff's Office
Duncan, Devin J.	60708	Hillsboro Police Department
Dungey, Matthew V.	59810	Lake Oswego Police Department
Dunleavy, Timothy P.	60753	Oregon State Police
Dunn, Derrick A.	60743	Oregon State Police
Duran, Dahnrae L.	59765	Columbia 9-1-1 Communications District
Durrett, Benjamin L.	60044	Lane County Sheriff's Office
Duty, Chance L.	59933	Oregon State Police
Dvorak, Jessica K.	60631	Portland State University DPS
Ebner, Jonathan A.	60885	Deschutes County Sheriff's Office
Eckhart, Gregory M.	60481	Federal Bureau of Investigation
Edington, Capri D.	60579	Crook County Sheriff's Office
Edmonds, Madeline E.	61123	Benton County Sheriff's Office
Eickmeyer, Hayden J.	59665	West Linn Police Department
Eisenbrandt, Richard L.	60615	Frontier Regional 9-1-1
Ekstrom, Amanda R.	59720	DOC/Snake River Correctional Institution
Elfstrom, Casey L.	61157	Lincoln County Sheriff's Office
Elliott, Karen C.	60651	Wheeler County Sheriff's Office
Elliott, William V.	61109	Warm Springs Police Department
Ellsworth, Spencer	60463	Benton County Sheriff's Office
Elmer, Benton W.	59721	DOC/Snake River Correctional Institution
Elumbaugh, Kameron B.	60341	DOC/Eastern Oregon Correctional Institut
Ely, Travis J.	60363	Benton County Sheriff's Office
Emerson, Trevor J.	60181	DOC/Coffee Creek Correctional Facility
Ennis, Dand'e D.	61040	Willamette Valley Communications Center
Ensley, Nicholas D.	59873	Curry County Sheriff's Office
Eoute, Tyler A.	60655	Umatilla County Sheriff's Office
Erazo, Saul E.	60914	Multnomah County Sheriff's Office
Erickson, Korie E.	59743	DOC/Powder River Correctional Facility
Erwen, Kara N.	60872	Jackson County Community Justice
Escalona, Franklin J.	60876	DOC/Coffee Creek Correctional Facility
Escobedo, Jose L., Jr.	59780	DOC/Two Rivers Correctional Institution
Esselstrom, Alexander J.	59731	Warm Springs Police Department
Estes, Joshua D.	60091	DOC/Two Rivers Correctional Institution
Evans, Malik S.	59901	Springfield Police Department
Evertt, Jenna A.	59866	Jackson County Sheriff's Office
Faias, Katherine C.	60517	Washington County Community Corrections
Faiman, Michaela A.	61120	Central Lane Communications Center
Farlow, Jason T.	60020	Tualatin Police Department
Farr, Gerald L.	38040	Umatilla County Sheriff's Office
Farrington, Johnathan R.	59932	Oregon State Police
Farrington, Thomas J.	61000	Washington County Sheriff's Office
Farris, Douglas P.	60533	Hood River County Sheriff's Office
Faulk, Heath C.	60226	Deschutes County Sheriff's Office
Faust, Robert	59979	Portland Police Bureau
Feldner, Clinton W.	61129	DOC/Snake River Correctional Institution
Felix, Abraham	61158	Newport Police Department
Fender, Zacharyah S.	60992	Salem Police Department
Fenn, Colin S.	60589	Salem Police Department
Fenske, McKay H.	59776	Portland Police Bureau
Ferguson, Jordan E.	60570	Clackamas County Sheriff's Office
Fernandez, Adrian	59889	Marion County Sheriff's Office
Fernandez, Santos	60372	DOC/Oregon State Penitentiary
Ferris, Sarah M.	60584	Tillamook County 911
Fetherolf, Justin D.	60526	Mercy Flights
Fields, Austin W.	59913	Umatilla County Sheriff's Office
Fields, Kyle	61110	Roseburg Police Department
Finch, Andrea L.	60173	DOC/Coffee Creek Correctional Facility
Finch, Tara E.	60638	Central Lane Communications Center
Fine, Shyanne R.	60912	Harney County Sheriff's Office
Fink, Kordell J.	61092	Beaverton Police Department
Finnegan, Timothy H.	60963	Baker City Police Department
Finney, Michael J.	60740	Oregon State Police
Fisher, Jessica P.	59842	Eugene Police Department
Flathers, Brenda G.	59988	DOC/Snake River Correctional Institution
Florez, Timothy N., Jr.	60558	Newport Police Department
Fogoros, Jeremy S.	59800	DOC/Coffee Creek Correctional Facility
Force, Ashleigh R.	60485	DPSST Use Only
Ford, Gary J.	60832	DOC/Snake River Correctional Institution
Fornkohl, Aaron D.	60240	Multnomah County Sheriff's Office
Forrest, Christine M.	61036	Harney County Sheriff's Office
Fortner, Elijah M.	59967	Lane County Sheriff's Office
Fortner, Joshua I.	60837	Springfield Police Department
Foster, Marissa L.	60428	Marion County Sheriff's Office
Foster, Megan E.	59687	Portland Police Bureau
Fox, Philip T.	60206	Oregon Liquor Control Commission
Frace, Alexander W.	59991	Multnomah County Sheriff's Office
Frame, Joshua L.	60022	Curry County Sheriff's Office
Franck, Kayla D.	60478	Gilliam County Sheriff's Office
Franklin, Andrew T.	60354	Yamhill County Sheriff's Office
Frazier, Scott R.	53884	DOC/Eastern Oregon Correctional Institut
Frederick, Katie E.	61041	Willamette Valley Communications Center
Freeman, Josh A.	60699	DOC/Oregon State Correctional Institutio
Fregoso, Oscar	60803	Lake Oswego Police Department
Fricke, Brenden J.	61106	Benton County Sheriff's Office
Fuhrmann, Denys R.	60831	DOC/Snake River Correctional Institution
Fulks, Dillon J.	60208	Columbia County Community Corrections
Fuller, Kyle M.	60144	Portland Police Bureau
Fuller, Rebeccah A.	60889	Portland Police Bureau
Fuller, Zachary M.	59916	Klamath Falls Police Department
Fults, Eli M.	59980	Tualatin Police Department
Funk, Samuel D.	60116	Marion County Sheriff's Office
Funkhouser, Carsen W.	60440	W.C.C.C.A.
Gallagher, Keloni L.	60339	DOC/Oregon State Correctional Institutio
Gallagher, Michael J.	59725	DOC/Snake River Correctional Institution
Garcia, Bryan	61065	DOC/Eastern Oregon Correctional Institut
Garcia, Dario	59931	Oregon State Police
Garcia, Garrett A.	60211	Portland Police Bureau
Garcia, Jorge, Jr.	59952	DOC/Eastern Oregon Correctional Institut
Garcia, Maria S.	60172	DOC/Coffee Creek Correctional Facility
Garcia, Meredith	60175	Federal Bureau of Investigation
Garcia-Lara, Miguel	61142	DOC/Eastern Oregon Correctional Institut
Garcia-Rodriguez, Diego	59790	Multnomah County Sheriff's Office
Garcilazo, Jorge	61084	DOC/Snake River Correctional Institution
Gardner, Brian M.	61095	Benton County Sheriff's Office
Gardner, Emily L.	59712	Newberg-Dundee Police Department
Garfield, John E.	34235	DOC/Oregon State Penitentiary
Garfield, John E.	34235	DOC/Oregon State Correctional Institutio
Garland, Richard C.	59698	Clackamas County Sheriff's Office
Garrett, Niqu'o I.	59784	DOC/Coffee Creek Correctional Facility
Garrison, Carrie E.	60776	West Linn Police Department
Garrison, Gabriel H.	60281	Washington County Sheriff's Office
Garvin, Joshua A.	60149	Forest Grove Police Department
Gassner, Lucretia A.	60636	Josephine County Sheriff's Office
Gatchet, Jason K.	60046	Lane County Sheriff's Office
Gates, Adam M.	60627	Eugene Police Department
Gaul, Robert J., Jr.	60769	DOC/Coffee Creek Correctional Facility
Gavrikov, Danil D.	60897	Marion County Sheriff's Office
Gegner, Meredith A.	60355	Grants Pass Dept of Public Safety
Geist, Casey S.	60177	DOC/Coffee Creek Correctional Facility
Gellman, Jonah M.	60435	Portland Police Bureau
Geraci, Kyle A.	60703	Linn County Sheriff's Office
Gerry, Zachary B.	59730	Clackamas County Sheriff's Office
Gibbons, Sara R.	60189	Portland Police Bureau
Giblin, Bryan P.	60531	Multnomah County Sheriff's Office
Gibson, Elizabeth A.	60886	Florence Police Department
Gilbert, Cody G.	60316	DOC/Two Rivers Correctional Institution
Gilbert, Dakota R.	59827	Lane County Sheriff's Office
Gillbanks, Weston S.	59945	Oregon State Police
Gillette, Cheree M.	60324	DOC/Two Rivers Correctional Institution
Ginabreda, Elisa	59816	Deschutes County 9-1-1
Giovinazzo, Vincent V.	61053	Multnomah County Sheriff's Office
Girard, William F.	59892	Bandon Police Department
Giron, Jeobany J.	60735	Portland Police Bureau
Glantz, John P.	60171	DOC/Coffee Creek Correctional Facility
Glidewell, Sarah L.	60762	Oregon State Police
Gniffke, Andrew J.	60041	Klamath County Community Corrections
Goad, Hannah L.	59828	Out of State Employment
Goad, Hannah L.	59828	Lane County Sheriff's Office
Goff, Kimberli A.	60038	Willamette Valley Communications Center
Goins, Dylan T.	60916	Lane County Sheriff's Office
Gold, Michael	60369	DOC/Oregon State Penitentiary
Gomes, Riley C.	60035	Ashland Police Department
Gomez, Austin J.	60748	Oregon State Police
Gomez, John R.	60017	Gresham Police Department
Gomness, Alicia	59908	Salem Police Department
Gonzales, James E., Jr.	60749	Oregon State Police
Gonzalez, Antonio	60508	DOC/Two Rivers Correctional Institution
Good, Drew L.	59683	Out of State Employment
Good, Drew L.	59683	Curry County Sheriff's Office
Goode, Matthew A.	59707	West Linn Police Department
Gooding, Veronica A.	60480	U.S. Forest Service
Goodson, Aaron J.	59774	Union Pacific Railroad Police Department
Goodson, Aaron J.	59774	Out of State Employment
Goodwin, Bailey L.	59705	Florence Police Department
Goodwin-Strom, Jessica R.	61024	Benton County Sheriff's Office
Gorsuch, Kristin M.	60247	Wasco County Sheriff's Office
Gosse, Edward P.	21472	Oregon Liquor Control Commission
Gosse, Edward P.	21472	Beaverton Police Department
Govea, Guadalupe M.	60917	Washington County Community Corrections
Govenor, Ronda R.	60582	Mercy Flights
Graf, Leia M.	60875	DOC/Coffee Creek Correctional Facility
Granillo, Daniel R.	60799	Corvallis Police Department
Grant, Alex C.	60993	Yamhill County Sheriff's Office
Grant, Alex C.	60993	Salem Police Department
Grant, Raymond S.	59751	DOC/Oregon State Penitentiary
Gravelle, Joseph A.	60553	Federal Bureau of Investigation
Gravis, Charles E.	59797	Federal Bureau of Investigation
Gray, Edward L.	60275	DOC/Snake River Correctional Institution
Gray, Gina J.	60251	North Bend Police Department
Gray, Joshua M.	60266	DOC/Columbia River Correctional Institut
Gray, Levi S.	60940	Coburg Police Department
Gray, Maria L.	60344	Klamath County Sheriff's Office
Green, Cassidy A.	60724	Beaverton Police Department
Green, Tatum E.	60971	Bureau of Emergency Communications
Gregory, Mark A.	59804	Out of State Employment
Gregory, Mark A.	59804	Marion County District Attorney
Griffin, Ryan D.	61087	DOC/Snake River Correctional Institution
Grimes, Colton R.	60898	Portland Police Bureau
Grolbert, Liesel R.	59713	Clackamas County Communications
Grosfeld-Katz, Isaac	59809	Federal Bureau of Investigation
Grubb, Michael J.	60600	Federal Bureau of Investigation
Guerra, Amy A.	60575	DOC/Coffee Creek Correctional Facility
Guerrero, Emmanuel	59777	DOC/Eastern Oregon Correctional Institut
Guerrero, Shawn R.	60179	DOC/Coffee Creek Correctional Facility
Guevara, Reynaldo	60587	Portland Police Bureau
Gustafson, Daniel R.	60409	Yamhill County Sheriff's Office
Gwin, Katelyn M.	59964	Grants Pass Dept of Public Safety
Hackett, Larissa B.	60634	Klamath 9-1-1 Communications District
Hai, Harley K.	60538	Corvallis Police Department
Haight, Bryant K.	60661	DOC/Oregon State Penitentiary
Hale, Ean M.	59987	DOC/Snake River Correctional Institution
Hale, Stephanie L.	60310	DOC/Eastern Oregon Correctional Institut
Halfacre, Joshua L.	60951	DOC/Coffee Creek Correctional Facility
Halfman, Autumn D.	60860	Deschutes County Sheriff's Office
Haller, Rachael L.	60054	Umatilla County Sheriff's Office
Halseth, Tyler	60338	DOC/Oregon State Correctional Institutio
Halter, Brandon K.	60606	Roseburg Police Department
Hamm, Kaylee M.	60719	Willamette Valley Communications Center
Hammock, Jeremy R.	60658	DOC/Coffee Creek Correctional Facility
Hampson, Michael D.	60871	Klamath County Community Corrections
Hampton, Ana R.	60142	Warm Springs Police Department
Hanna, Madyson C.	60293	Warrenton Police Department
Hannah, Isaac T.	60303	Medford Police Department
Hans, Bradley A.	60146	Keizer Police Department
Hanscom, Miranda N.	61074	Emergency Communications of Southern Ore
Hansen, Dylan A.	59946	Oregon State Police
Hansen, Jared L.	60231	McMinnville Police Department
Harker-Owens, Amanda D.	60053	Prineville Police Department
Harker-Owens, Amanda D.	60053	Willamette Valley Communications Center
Harmon, Terri C.	60689	DOC/Eastern Oregon Correctional Institut
Harnden, Marcia A.	60647	Albany Police Department
Harnden, Marcia A.	60647	Out of State Employment
Harpole, Garret S.	60625	Eugene Police Department
Harrell, Andrew J.	60946	DOC/Eastern Oregon Correctional Institut
Harris, Ryan W.	60193	Yamhill County Sheriff's Office
Harris, Tuffton L.	61088	DOC/Snake River Correctional Institution
Hart, Christopher J.	59722	DOC/Snake River Correctional Institution
Hart, Shaun M.	61089	DOC/Snake River Correctional Institution
Hart, William J.	28108	Harney County Sheriff's Office
Hart, William J.	28108	Bureau of Land Management
Hart, William J.	28108	Military Service
Hart, William J.	28108	Douglas County Sheriff's Office
Harvey, Cleo D.	60212	Medford Police Department
Harvey, Kristal A.	60612	Oregon State Police
Hasselbach, Joshua J.	60830	DOC/Snake River Correctional Institution
Hasselbach, Nariah J.	60276	DOC/Snake River Correctional Institution
Hatleberg, Jordan M.	60043	Lane County Sheriff's Office
Havens, Caitlyn R.	60348	Bureau of Emergency Communications
Hawit, Ana S.	60865	Josephine County Sheriff's Office
Hawk, Andrew T.	59930	Oregon State Police
Hawk, Kelley R.	60829	DOC/Snake River Correctional Institution
Hayes, Patrick T.	59750	DOC/Oregon State Penitentiary
Haynes, Austin C.	60672	DOC/Two Rivers Correctional Institution
Hazzard, Joel	59961	Department of Veterans Affairs
Head, Jonathan M.	60845	DOC/Oregon State Penitentiary
Heater, Gabriel L.	60918	Lane County Sheriff's Office
Heggie, Rett G.	61155	Klamath Falls Police Department
Heisel, Nicholas A.	60633	Columbia 9-1-1 Communications District
Henderson, Alec D.	60313	DOC/Warner Creek Correctional Facility
Henderson, Caleb J.	60191	Oregon Liquor Control Commission
Henderson, Darron J.	60504	Washington County Sheriff's Office
Henderson, Kyle R.	60733	Tigard Police Department
Hendricks, Gregory S.	09500	Portland Police Bureau
Hendricks, Gregory S.	09500	Milwaukie Police Department
Hendricks, Gregory S.	09500	DPSST Use Only
Heninger, Thomas B.	60267	DOC/Snake River Correctional Institution
Henkel, Chessy M.	60075	DOC/Two Rivers Correctional Institution
Henkel, Lucas S.	59854	McMinnville Police Department
Henriksen, Mark J.	61096	Benton County Sheriff's Office
Hepworth, Nikki	59969	Prineville Police Department
Hermosilla-Sigle, Mauricio R.	59885	Tillamook County 911
Hernandez, Hector A.	60238	Umatilla Police Department
Hernandez, Rosario	46228	Marion County Sheriff's Office
Hernandez, Rosario	46228	Aurora Police Department
Hernandez, Ryan H.	59775	Portland Police Bureau
Herron, Alyssa N.	60260	Central Point Police Department
Herron, Jacquie J.	61043	Florence Police Department
Hesseling, Erik J.	60263	Benton County Sheriff's Office
Hewson, Michael A.	60112	DOC/Oregon State Penitentiary
Heyer, Brayden H.	60396	Coquille Police Department
Hill, Joshua R.	60563	Portland Police Bureau
Hill, Tatianna L.	59823	Grants Pass Dept of Public Safety
Hillhouse, Jefferey H.	60162	Molalla Police Department
Hirahara, Mason A.	60217	Portland Police Bureau
Hitz, Derek R.	59897	Baker County Sheriff's Office
Hlad, Keegen Z.	60778	Deschutes County Sheriff's Office
Hodson, Taylor L.	60157	Central Lane Communications Center
Hoekstra, Gerrit E.	61055	Gresham Police Department
Hoffhines, Myra L.	60843	DOC/Oregon State Penitentiary
Hogan, Roderick J.	60731	W.C.C.C.A.
Hogue, Darci L.	19917	Coos Bay Police Department
Hogue, Darci L.	19917	Oregon State Police
Holcomb, Morgan J.	60257	Umatilla County Sheriff's Office
Holguin, Raymond, Jr.	59997	Out of State Employment
Holguin, Raymond, Jr.	59997	University of Oregon Police Department
Hollis, Tyler J.	59954	DOC/Eastern Oregon Correctional Institut
Hollis, Tyler J.	59954	DOC/Snake River Correctional Institution
Holmes, Patrick K.	59880	Emergency Communications of Southern Ore
Holstein, Seth C.	59929	Oregon State Police
Holt, Brynt S.	60034	DOC/Coffee Creek Correctional Facility
Holverson, Jacob A.	60712	Yamhill County Sheriff's Office
Homer, Tara J.	60692	DOC/Eastern Oregon Correctional Institut
Honor, Brittany L.	61134	DOC/Snake River Correctional Institution
Hoppe, Kyle J.	60048	Lane County Sheriff's Office
Horibe, Michael A.	60673	DOC/Two Rivers Correctional Institution
Hormel, Nicholas J.	60072	Crook County Sheriff's Office
Horn, Cordelle B.	60077	DOC/Two Rivers Correctional Institution
Houpt, Thomas H., III	60473	Grant County Sheriff's Office
Howard, Dylan S.	59749	DOC/Oregon State Penitentiary
Howell, Daniel T.	60888	Deschutes County Sheriff's Office
Howell, Kevin J.	60476	Washington County Sheriff's Office
Hoyos-Diaz, Jesse	60092	DOC/Two Rivers Correctional Institution
Hrysyzen, Michael O.	59667	Beaverton Police Department
Huff, Roxsee A.	60502	Washington County Sheriff's Office
Huffman, Jonathan R.	60131	Beaverton Police Department
Huffman, Kelley L.	61124	Jackson County Community Justice
Hulke, Kimberly M.	41519	Newberg-Dundee Police Department
Hulke, Kimberly M.	41519	Tri-County Community Corrections
Hull, Jonathan A.	61056	DOC/Oregon State Penitentiary
Hungate, Brianna M.	60632	Malheur County Sheriff's Office
Huseby, Jace M.	59928	Oregon State Police
Hutchins, David C.	59767	Coos Bay Police Department
Hutchins, David C.	59767	Brookings Police Department
Hynum, Amanda A.	60972	Bureau of Emergency Communications
Iles, Amanda L.	60005	Coos Bay Police Department
Imlah, Eric S.	60391	Polk County Community Corrections
Ingram, Trent S.	60342	DOC/Eastern Oregon Correctional Institut
Interian-Pacho, David I.	60155	Portland Police Bureau
Ireland, Myles M.	60487	Albany Police Department
Irons, Samuel B.	60028	Morrow County Sheriff's Office
Ishihara, Alexandria E.	61038	Willamette Valley Communications Center
Jackman, Dylan R.	59768	DOC/Coffee Creek Correctional Facility
Jackson, Christian D.	60682	DOC/Two Rivers Correctional Institution
Jackson, Kasi L.	59896	Lane County Parole & Probation
Jackson, Stetson M.	59719	DOC/Snake River Correctional Institution
Jackson, Steven C.	59689	Multnomah County Sheriff's Office
Jackson, Terry L.	61147	Multnomah County Sheriff's Office
Jacober, Stephen W.	59814	Clatsop County Sheriff's Office
Jacobo, Divine	59974	Corvallis Police Department
Jacobs, Nicholas L.	59668	Beaverton Police Department
Jacquez-Urquijo, Dayanna	60591	Hillsboro Police Department
Jacquez-Urquijo, Dayanna	60591	Out of State Employment
Jaehnig, Jerad B.	59655	Coos Bay Police Department
James, Jacob E.	60809	Washington County Sheriff's Office
Jarrett, Harrison L.	60195	Corvallis Police Department
Jarvis, Derrik B.	60051	Hillsboro Police Department
Jarvis, Derrik B.	60051	Out of State Employment
Jauregui, Cenobio	60662	DOC/Oregon State Penitentiary
Jederberg, Jakolb C.	60757	Oregon State Police
Jennings, Darci J.	60906	DPSST Use Only
Jensen, Derek B.	60944	Federal Bureau of Investigation
Jernigan, Taylor D.	59879	Lincoln County Sheriff's Office
Jerome, Kasey K.	61135	DOC/Snake River Correctional Institution
Jetton, Isaac T.	60013	Multnomah County Sheriff's Office
Jimenez, Jose L.	60642	Woodburn Police Department
Jimenez, Ruth M.	60099	Multnomah County Sheriff's Office
Jinkins, Dawson J.	60559	Douglas County Sheriff's Office
Johan, Traci E.	60429	Marion County Sheriff's Office
Johansen, Gordon J.	60258	Deschutes County Sheriff's Office
Johnson, Amy L.	60659	DOC/Shutter Creek Correctional Instituti
Johnson, Andre J., Jr.	60680	DOC/Oregon State Correctional Institutio
Johnson, Chance L.	60246	Klamath County Sheriff's Office
Johnson, Danny J., II	59981	Gresham Police Department
Johnson, David B.	60683	DOC/Eastern Oregon Correctional Institut
Johnson, Devinity K.	60058	Willamette Valley Communications Center
Johnson, Drew T.	60908	Portland Police Bureau
Johnson, Heston D.	60869	Polk County Sheriff's Office
Johnson, Jabral S.	59684	West Linn Police Department
Johnson, Jaime M.	59815	Deschutes County 9-1-1
Johnson, Jamie L.	60768	DOC/Coffee Creek Correctional Facility
Johnson, Jarred L.	60194	Yamhill County Sheriff's Office
Johnson, Kevin A.	60196	Portland Police Bureau
Johnson, Lynn M.	28628	Junction City Police Department
Johnson, Lynn M.	28628	Douglas County Sheriff's Office
Johnson, Lynn M.	28628	Douglas County Emergency Communications
Johnson, Michael A., II	60903	Jefferson County Sheriff's Office
Johnson, Patrick J.	61045	Eugene Police Department
Johnson, Samuel A.	60785	Beaverton Police Department
Johnson, Whitney M.	60330	Lake Oswego Police Department
Johnson, Zachariah A.	60457	Linn County Sheriff's Office
Johnston, Joshua A.	60291	Portland Police Bureau
Jones, Cory M.	60657	Clackamas County Sheriff's Office
Jones, Hannah D.	60055	Corvallis Police Department
Jones, Harley E.	61020	Multnomah County Sheriff's Office
Jones, Harmony A.	60497	Washington County Sheriff's Office
Jones, Jacqueline D.	60913	Multnomah County Sheriff's Office
Jones, Korey E.	60902	The Dalles Police Department
Jones, Kyle M.	59878	Marion County Sheriff's Office
Jones, Mary L.	60924	Portland Police Bureau
Jones, Scott A.	59657	Out of State Employment
Jones, Scott A.	59657	Eugene Police Department
Jones, Tracey L.	60359	Multnomah County Sheriff's Office
Jonker, Christopher D.	60598	OHSU University Police
Jorgensen, Riley D.	60827	DOC/Snake River Correctional Institution
Jostad, Kristin L.	60840	Oregon State Police
Josue, Peter L.	61066	DOC/Eastern Oregon Correctional Institut
Jourdan, Charles A.	60093	DOC/Two Rivers Correctional Institution
Journey, McKenzie E.	60745	Oregon State Police
Juarez-Gonzalez, Luis	60268	DOC/Snake River Correctional Institution
Judah, Erica C.	59927	Oregon State Police
Jungwirth, Jacob D.	60987	Linn County Sheriff's Office
Jurik, Mindy L.	59799	Oregon State University Police Dept
Kabrud, Jacob S.	60059	U.S. Marshals Service
Kaechele, Margherita C.	59819	LaGrande Police Department
Kahoalii, Elliott	60973	Bureau of Emergency Communications
Kamerman, Kaitlyn R.	60472	Multnomah County Sheriff's Office
Kammel, Christopher K.	59867	Jackson County Sheriff's Office
Kaneda, Sambi	61083	Portland Police Bureau
Karch, Kenneth J.	60751	Federal Bureau of Investigation
Kauppi, Cameron A.	59787	Gresham Police Department
Keagy, Daniel J.	60550	Winston Police Department
Kearney, Phillip D.	60461	Out of State Employment
Kearney, Phillip D.	60461	DOJ-Criminal Justice Division
Kelso, Kevin D.	60826	DOC/Snake River Correctional Institution
Kendall, Sierra W.	59884	Oregon State Police
Kennedy, Matthew J.	59919	Myrtle Creek Police Department
Kennedy, Roger	59808	DPSST Use Only
Kennedy, William J.	60382	U.S. Health & Human Services
Kephart, Cody D.	59688	Josephine County Sheriff's Office
Kereczman, Douglas J.	60357	Washington County Community Corrections
Ketchersid, Salli A.	60094	DOC/Two Rivers Correctional Institution
Kiesse, Benjamin P.	60492	Lane County Sheriff's Office
Kila, Jerrica K.	60800	Clackamas County Communications
Kile, Taylor K.	60974	Bureau of Emergency Communications
Kilman, Tristen R.	60459	Redmond Police Department
Kiltz, Neta L.	60418	DOC/Coffee Creek Correctional Facility
King, Jacob M.	60895	Marion County Sheriff's Office
King, Megan M.	59802	DOC/Coffee Creek Correctional Facility
King, Nathan R.	60408	Klamath County Sheriff's Office
Kirk, John L.	60089	DOC/Two Rivers Correctional Institution
Kirkendall, Matthew A.	60187	Portland Police Bureau
Kleiber, Roman A.	60761	Oregon State Police
Kleiven, Brittany B.	59906	Linn County Sheriff's Office
Kline, Tyler W.	60983	Portland Police Bureau
Kloss, Katie L.	60498	Washington County Sheriff's Office
Kmetic, Jaime N.	60911	Baker County Sheriff's Office
Knight, Jessica	60383	U.S. Health & Human Services
Knott, Christopher D.	60825	DOC/Snake River Correctional Institution
Knott, Travis A.	60070	DOC/Columbia River Correctional Institut
Knox, Horace G.	60567	Klamath County Sheriff's Office
Koch, Jacob C.	42376	Washington County Sheriff's Office
Koch, Jacob C.	42376	Yamhill County Sheriff's Office
Koda, Max D.	60887	Portland Police Bureau
Kodad, Dylan L.	59669	Beaverton Police Department
Koenig, Ashley L.	61061	DOC/Coffee Creek Correctional Facility
Korcykoski, Nickolaus J.	60052	Lane County Sheriff's Office
Koskela, Kristopher W.	60255	Tillamook County Sheriff's Office
Kovacs, Kornel	59977	Portland Police Bureau
Kreinheder, Jesse T.	60851	DOC/Eastern Oregon Correctional Institut
Kreutzer, Bethany P.	60002	Marion County Sheriff's Office
Krokstrom, Michael L.	60969	DOC/Eastern Oregon Correctional Institut
Kropp, Brandon J.	60821	DOC/Snake River Correctional Institution
Kuenzli, Christina R.	60141	Oregon State Police
Kuiper, Karly H.	60143	Portland Police Bureau
Kutschera, Timothy J.	59795	Linn County Sheriff's Office
Kuvaldin, Yan	60565	Salem Police Department
Kuwana, Thomas J.	60407	Port of Portland Police Department
Kuwana, Thomas J.	60407	Out of State Employment
Kuzmenko, Iliya	60721	Willamette Valley Communications Center
Kuznetsov, Dominque	61067	DOC/Coffee Creek Correctional Facility
Kyaw, Phone M.	60235	Portland Police Bureau
Kyriss, Cody R.	60994	Salem Police Department
Kyzer, Lori J.	60397	Curry County Sheriff's Office
Labes, Benjamin K.	59811	The Dalles Police Department
Lagao, Tracy L.	59953	DOC/Eastern Oregon Correctional Institut
LaGoy, Austin J.	60282	Washington County Sheriff's Office
Lahm, Stephen R.	60122	Eugene Police Department
Lahm, Stephen R.	60122	Out of State Employment
Lake, Todd C.	60479	Gilliam County Sheriff's Office
LaMarsh, Johnathan L.	60033	DOC/Coffee Creek Correctional Facility
Lamb, David C.	59786	Lake Oswego Police Department
Lamb, David C.	59786	Out of State Employment
Lamb, Ian E.	59926	Oregon State Police
Lampson, Natalie R.	60347	Bureau of Emergency Communications
Lancaster, Chad M.	59986	DOC/Snake River Correctional Institution
Landa, Jose J.	61137	DOC/Two Rivers Correctional Institution
Landry, Zachary R.	60234	Lincoln County Sheriff's Office
Laney, Marjorie A.	60859	Columbia County Sheriff's Office
Lantry, Steve P.	59833	DOC/Oregon State Penitentiary
LaPointe, William P., Jr.	59992	Multnomah County Sheriff's Office
Larios, Stephanie	60325	Hood River County Sheriff's Office
Laris-Villalpando, Crystal	59794	Willamette Valley Communications Center
Larson, Crescent L.	47496	DOC/Oregon State Correctional Institutio
LaSalle, Alexis A.	60609	Multnomah County Sheriff's Office
Lasota, Jason K.	60454	Medford Police Department
Latik, Yuriy A.	60896	Marion County Sheriff's Office
Lauer, Lois L.	61117	Umatilla County Sheriff's Office
Laugenour, Eric T.	60337	DOC/Oregon State Correctional Institutio
Lavrusky, Kodi J.	60866	Deschutes County Sheriff's Office
Law, Katelyn E.	60004	Metro West Ambulance
Law, Katelyn E.	60004	Clackamas County Communications
Laws, Jared K.	44738	Portland Police Bureau
Laws, Jared K.	44738	Portland Fire Bureau Investigations
Layer, Markus A.	60045	Lane County Sheriff's Office
Le, Jackson P.	59883	Clackamas County Sheriff's Office
LeBlanc, Cole W.	60836	Multnomah County Sheriff's Office
Lee, Curtis J.	60725	Beaverton Police Department
Lee, Noah F.	60847	DOC/Two Rivers Correctional Institution
Lee, Steven G.	60108	DOC/Eastern Oregon Correctional Institut
Lehn, Brandon C.	60595	Josephine County Sheriff's Office
Lemire, James L.	61005	Beaverton Police Department
Leopard, Brandon S.	59748	DOC/Oregon State Penitentiary
Lepin, Erik J.	60904	Jefferson County Sheriff's Office
Leroue, Kirstin R.	59875	Wasco County Sheriff's Office
Lewis, Jenna M.	60057	Emergency Communications of Southern Ore
Lieberson, Sean G.	59670	Beaverton Police Department
Lightner, Justin W.	60443	American Medical Response Northwest
Liksakov, Sergey N.	59865	Clackamas County Sheriff's Office
Lincoln, Jerome J.	60807	Washington County Sheriff's Office
Lind, Ashley M.	60792	Tillamook County Sheriff's Office
Linden, Clark A.	60516	Jefferson County Sheriff's Office
Lindley, Jessica M.	60585	Linn County Sheriff's Office
Lindquist, Justin P.	59925	Oregon State Police
Ling, Halali'i K.	60867	Sandy Police Department
Linhart, Loren M.	61097	Benton County Sheriff's Office
Lister, Cris D.	59798	Federal Bureau of Investigation
Liverman, Cade A.	60148	Bend Police Department
Liverman, Cade A.	60148	Out of State Employment
Livker, Scott E.	59982	Gresham Police Department
Lockett, Tara L.	59652	DOC/Columbia River Correctional Institut
Lockhart-Aponte, Christopher D.	60998	Multnomah County Sheriff's Office
Lockwood, Karsten R.	59793	Willamette Valley Communications Center
Loebach, Heidi M.	60975	Bureau of Emergency Communications
Loftis-Hinds, Karina M.	59886	Central Lane Communications Center
Lomas, Joanna M.	60233	Boardman Police Department
Lonergan, Daniel L.	61146	Multnomah County Sheriff's Office
Long, Garrett T.	59834	DOC/Oregon State Penitentiary
Long, Roy C.	60006	Oregon Liquor Control Commission
Longhorn, Ashley J.	60952	DOC/Eastern Oregon Correctional Institut
Longoria, Robert J., Jr.	60656	Umatilla County Sheriff's Office
Loper, Katelyn R.	59843	Eugene Police Department
Lopez, Maria D.	59895	DOC/Two Rivers Correctional Institution
Lopez, Steve H.	60496	Washington County Sheriff's Office
Lopez-Herrera, Eleaza	59917	Klamath County Community Corrections
Lopez-Herrera, Eleaza	59917	Klamath Falls Police Department
Lorenz, Jonathan G.	60153	Portland Police Bureau
Lorimor, Scott K.	19916	Oregon State Police
Lorimor, Scott K.	19916	Junction City Police Department
Lowe, Alexa-Rae	60729	Emergency Communications of Southern Ore
Lowenstein, Lisa M.	60439	Prineville Police Department
Lowery, Catherine A.	59754	Jefferson County Community Corrections
Lucero, Bryan C.	60236	Portland Police Bureau
Luedtke, Nathan A.	60095	OHSU University Police
Lukic, Davor	60431	Portland Police Bureau
Lundmark, Jessica M.	60576	W.C.C.C.A.
Lundquist, Caleb	60639	Salem Police Department
Lutz, Ryan A.	60611	Oregon City Police Department
Lyter, Cody E.	60380	Out of State Employment
Lyter, Cody E.	60380	Bend Police Department
Maag, Ryan D.	60702	Malheur County Sheriff's Office
MacInnes, Cade R.	60943	Gilliam County Sheriff's Office
MacInnes, Carol E.	60551	Wheeler County Sheriff's Office
MacInnes, William J.	60652	Wheeler County Sheriff's Office
Mack, Daytona T.	61136	DOC/Snake River Correctional Institution
Macklin, Samuel K.	60715	Multnomah County Sheriff's Office
Maddox, Mason L.	60767	DOC/Coffee Creek Correctional Facility
Magorian, Stewart J.	60364	Washington County Sheriff's Office
Magorian, Stewart J.	60364	Yamhill County Sheriff's Office
Mahoney, Moriah D.	61031	Brookings Police Department
Main, Samuel A.	60270	DOC/Snake River Correctional Institution
Malchow, Cassidy A.	61054	Multnomah County Sheriff's Office
Maldonado, Arthur L.	60406	Douglas County Sheriff's Office
Malmquist, Len A., Jr.	60838	Tillamook County 911
Malone, Wendy D.	60198	Mercy Flights
Maloy, Mora E.	60720	Willamette Valley Communications Center
Malpass, Karli K.	60966	Springfield Police Department
Manella, Christopher J.	59844	Eugene Police Department
Manella, Christopher J.	59844	Military Service
Manion, Richard B.	21742	Lane County Sheriff's Office
Manion, Richard B.	21742	Coburg Police Department
Manion, Richard B.	21742	Cottage Grove Police Department
Manipol, Jesse J.	60707	Portland Police Bureau
Manley, Nicholas B.	60200	Clackamas County Sheriff's Office
Manning, Katrina M.	60374	DOC/Oregon State Penitentiary
Margadonna, John M.	59877	Marion County Sheriff's Office
Marshall, Luke J.	60475	Washington County Sheriff's Office
Martin, Cody D.	60064	Madras Police Department
Martin, Jessica D.	60947	DOC/Eastern Oregon Correctional Institut
Martin, Jonathan P.	59924	Oregon State Police
Martin, Logan R.	60009	Josephine County Sheriff's Office
Martin, Ronald R.	60100	Multnomah County Sheriff's Office
Martinez, Melissa	60978	Multnomah County Sheriff's Office
Martinez-Centeno, Julio C.	60170	DOC/Coffee Creek Correctional Facility
Mason, Hailey B.	59718	DOC/Snake River Correctional Institution
Mason, Marcus A.	60532	Multnomah County Sheriff's Office
Massey, Vanity E.	60793	Washington County Sheriff's Office
Masters, Katelynn E.	60001	Grants Pass Dept of Public Safety
Maston, Jae K.	60919	Lane County Sheriff's Office
Mathew, Donald L.	60812	Portland Police Bureau
Matlock, Dustyn K.	59904	Portland Police Bureau
Matlock, Nichole S.	61080	Yamhill County Sheriff's Office
Matson, Christopher G.	60104	DOC/Two Rivers Correctional Institution
Mattingly, Daniel L.	60941	Coburg Police Department
Mattison, Connor S.	60289	McMinnville Police Department
Mattson, Paul R., III	60783	Sherwood Police Department
May, Brandy J.	61114	Grant County Sheriff's Office
Mayhugh, Wendy S.	60730	W.C.C.C.A.
Mazac, Aaron T.	60271	DOC/Snake River Correctional Institution
McBride, Morgan L.	60549	Salem Police Department
McCall, Isaac T.	60494	Lane County Sheriff's Office
McCall-O'Dell, Erin	59909	Salem Police Department
McCandless, Hannah L.	60445	DOC/Coffee Creek Correctional Facility
McCartney, Katherine M.	60623	Eugene Police Department
McCave, Matthew S.	61047	Lincoln County Sheriff's Office
McCleary, Travis J.	60137	Out of State Employment
McCleary, Travis J.	60137	Curry County Sheriff's Office
McClennen, Trevor L.	60336	DOC/Oregon State Correctional Institutio
McCollum, Drew C.	60026	Multnomah County Sheriff's Office
McCoy, Dylan H.	60292	Warrenton Police Department
McCullough, Austin J.	60081	DOC/Two Rivers Correctional Institution
McDaniel, Brittany M.	61009	Marion County Sheriff's Office
McDaniel, Curtis D.	21768	Multnomah County Sheriff's Office
McDonnell, Kristen M.	60968	METCOM 9-1-1
McDonough, Geoffrey P.	60554	Multnomah County Sheriff's Office
McDowall, Devin J.	60588	Portland Police Bureau
McDowell, Jordan A.	60822	Lane County Sheriff's Office
McEvoy, Daniel L.	59661	Albany Police Department
McEvoy, Daniel L.	59661	Corvallis Police Department
McFarlan, Charles D.	60356	Klamath 9-1-1 Communications District
McFarland, Jazer R.	60362	Redmond Police Department
McGallian, Eli R.	60294	Florence Police Department
McGann, Kole T.	60067	Forest Grove Police Department
McGregor, Kevin S.	60150	Clackamas County Sheriff's Office
McIntosh, Jeffrey C.	60384	U.S. Health & Human Services
McLaughlin, Rebecca D.	60965	Josephine County Sheriff's Office
McLay, Robert L.	61130	DOC/Snake River Correctional Institution
McMahan, Kelli N.	60779	Albany Police Department
McNabb, Ian R.	59872	Clatsop County Sheriff's Office
McNichols, Jonathan M.	60995	Salem Police Department
McNown, Keaton M.	60564	Portland Police Bureau
McPherson, Logan K.	60786	Beaverton Police Department
McPhie, Jacob A.	60437	Federal Bureau of Investigation
Medina, Gabriel F.	61098	Portland Police Bureau
Medina, Lorena L.	60245	Warm Springs Police Department
Medina, Nagely	59868	Jackson County Sheriff's Office
Medina-Atristain, Everardo	60242	St. Helens Police Department
Mekosky, Philip M.	60850	DOC/Eastern Oregon Correctional Institut
Melton, Travis D.	60698	DOC/Shutter Creek Correctional Instituti
Mendoza, Hunberto	60322	DOC/Two Rivers Correctional Institution
Mendoza, Juan, Jr.	60596	Multnomah County Sheriff's Office
Mendrin, John J.	60469	Astoria Police Department
Mersereau, Michael A.	61023	Multnomah County Sheriff's Office
Merwin, Jacoby A.	60318	DOC/Two Rivers Correctional Institution
Mesch, Kevin R.	60592	Out of State Employment
Mesch, Kevin R.	60592	Hillsboro Police Department
Meserve, Masson M.	60413	DOC/Coffee Creek Correctional Facility
Meyer, Gabriel A.	60939	DOC/Eastern Oregon Correctional Institut
Meyer, Garth W.	60562	Portland Police Bureau
Meza-Cruz, Alberto	60648	Salem Police Department
Mgbadigha, Ebuka K.	60201	Lane County Parole & Probation
Michael, Timothy D.	59898	DOC/Two Rivers Correctional Institution
Michaels, Sally M.	61013	Washington County Community Corrections
Michlitsch, Joshua W.	60016	Gresham Police Department
Miles, Tiarella A.	60976	Bureau of Emergency Communications
Milla, Kelly D.	59744	DOC/Mill Creek Correctional Facility
Milla, Timothy M.	60666	DOC/Oregon State Penitentiary
Miller, Allison K.	59700	Marion County Sheriff's Office
Miller, Amber D.	61028	Coos County Sheriff's Office
Miller, Jeremiah J.	60566	Salem Police Department
Miller, Jeremy L.	60766	DOC/Coffee Creek Correctional Facility
Miller, Natalie A.	61016	Jackson County Sheriff's Office
Miller-Wusstig, Carolyn N.	60722	Willamette Valley Communications Center
Minor, Michael J.	60572	DOC/Shutter Creek Correctional Instituti
Mintz, Bryce O.	60317	DOC/Two Rivers Correctional Institution
Miro, Nomarie L.	59965	W.C.C.C.A.
Mirza, Zoe P.	60555	Multnomah County Sheriff's Office
Mitchell, Brandon R.	60649	Corvallis Police Department
Mitchell, Jalen A.	60395	Polk County Community Corrections
Mitchell, Jeremy P.	60996	Salem Police Department
Mitchell, Joshua T.	60298	Woodburn Police Department
Mitro, Jason A.	59947	Oregon State Police
Modesette, Matthew C.	60925	Beaverton Police Department
Moe, Justin L.	60899	Douglas County Sheriff's Office
Mohamed, Hussein A.	60742	Oregon State Police
Momphard, Anthony W.	60961	Douglas County Sheriff's Office
Montoya, Kenneth S.	59679	DPSST Use Only
Moore, Mackenzie P.	59936	Oregon State Police
Moore, Nichelle L.	61093	DPSST Use Only
Moore, Ryan R.	60082	DOC/Two Rivers Correctional Institution
Moore, Troy H.	59983	DOC/Warner Creek Correctional Facility
Morales, Nicholas D.	59830	Portland Police Bureau
Morehead, Angelique J.	59723	DOC/Columbia River Correctional Institut
Moreland, Christopher J.	59942	Oregon State Police
Moreland, Christopher J.	59942	Albany Police Department
Moreland, Jarl C.	60098	Portland Police Bureau
Morgan, Jobriath M.	59963	Washington County Sheriff's Office
Morgan, Nicole A.	60814	Portland Police Bureau
Morgan, Tony R.	41117	DOC/Two Rivers Correctional Institution
Morlet, Emily M.	60542	Jackson County Community Justice
Morrison, Jonathon D.	59851	Columbia River Inter-Tribal Police Dept.
Mosley, Ronald E.	60674	DOC/Two Rivers Correctional Institution
Mossel, Kathleen S.	60977	Bureau of Emergency Communications
Mossman, Bradie R.	60637	Central Lane Communications Center
Mott, Thomas D.	60774	Oregon Liquor Control Commission
Mueth, Margaret A.	59845	Eugene Police Department
Mullikan, Douglas P.	61131	DOC/Snake River Correctional Institution
Munoz, Rafael	60210	DOC/Coffee Creek Correctional Facility
Murphy, Benjamin T.	60495	Washington County Sheriff's Office
Murphy, Brian E.	59869	Jackson County Sheriff's Office
Murphy, Jolie M.	59742	DOC/Warner Creek Correctional Facility
Murrell, Jorden M.	59951	DOC/Shutter Creek Correctional Instituti
Muvunyi, Manasse	60681	DOC/Two Rivers Correctional Institution
Myers, Amy M.	60197	Josephine County Sheriff's Office
Myers, Samantha J.	60858	Deschutes County Sheriff's Office
Nado, Scott E.	60241	Bend Police Department
Nagel, Clayton W.	60839	Oregon State Police
Nateras, Kevin	60713	Washington County Community Corrections
Nathman, Cameron J.	60787	Beaverton Police Department
Navarrete, Elvis	60938	DOC/Two Rivers Correctional Institution
Navarro-Torres, Jazmin	61010	Marion County Sheriff's Office
Needham, Ariel A.	61112	Marion County Sheriff's Office
Neider, Jared L.	60083	DOC/Two Rivers Correctional Institution
Nelson, Anthony D.	60795	Washington County Sheriff's Office
Nelson, Brian C.	60060	U.S. Marshals Service
Nelson, Christopher S.	59950	DOC/Shutter Creek Correctional Instituti
Nelson, Jeffrey W.	59862	DOC/Warner Creek Correctional Facility
Nelson, Paul M.	60128	Baker County Sheriff's Office
Nelson, Ryan S.	60820	DOC/Snake River Correctional Institution
Nepean, Bailey J.	60967	Klamath 9-1-1 Communications District
Neumann, Preston A.	60389	Woodburn Police Department
Nevil, Sidney L.	60957	DOC/Eastern Oregon Correctional Institut
Newman, Cassandra M.	59711	Klamath County Community Corrections
Newman, James M.	60849	DOC/Eastern Oregon Correctional Institut
Nichols, Andrew J.	59805	Klamath County Sheriff's Office
Nicholson, Johnny W.	60036	Willamette Valley Communications Center
Nicklos, Hannah M.	60329	Lake Oswego Police Department
Nicolas, Arnulfo	60772	Clackamas County Sheriff's Office
Nieto, Sean S.	60474	Newport Police Department
Nissen, David C.	59733	Marion County Sheriff's Office
Noack, Brandon	61077	Prineville Police Department
Noack, Cooper J.	60451	Keizer Police Department
Noah, Christian	60819	DOC/Snake River Correctional Institution
Nolan, Ryann A.	60760	Oregon State Police
Nordquist, Marc E.	60483	U.S. Marshals Service
Norris, Michael W.	60544	Gresham Police Department
Norton, Kylie A.	60037	Willamette Valley Communications Center
O'Donovan, Kasey P.	60583	Metro West Ambulance
Oakes, Isaac N.	61011	Marion County Sheriff's Office
Ochoa, Rita R.	59791	Lane County Sheriff's Office
Odil, Rory W.	59831	DOC/Oregon State Penitentiary
Ogrady, William S.	08804	Instate Agencies
Ogrady, William S.	08804	Jackson County Sheriff's Office
Oien, Connor L.	60997	Washington County Sheriff's Office
Olson, Ricardo J.	61063	DOC/Oregon State Correctional Institutio
Omonua, Lawrence O.	60645	Marion County Sheriff's Office
Orazio, Jordan T.	60025	Multnomah County Sheriff's Office
Ortega, Spencer A.	60296	Deschutes County Sheriff's Office
Ortiz, Carlos J.	59958	Washington County Sheriff's Office
Ortiz, Lydia E.	60853	DOC/Two Rivers Correctional Institution
Ortwein, Matthew M.	61007	Florence Police Department
Osborne, Carol L.	61052	Malheur County Sheriff's Office
Osburn, Daniel C.	60102	Josephine County Sheriff's Office
Oshel, James B.	60114	Crook County Sheriff's Office
Oswald, Jeremiah W.	60805	Washington County Sheriff's Office
Overman, Christopher M.	60718	Crook County Sheriff's Office
Pace, Janie M.	59735	DOC/Eastern Oregon Correctional Institut
Pack, Christina A.	60394	Josephine County Sheriff's Office
Padgett, Jonathon A.	60763	Oregon State Police
Pagliarulo, Ryan P.	59779	DOC/Eastern Oregon Correctional Institut
Palacios, Samuel A.	60166	Curry County Sheriff's Office
Panetta-Hunt, Dashon M.	60528	Lake Oswego Police Department
Panicucci, Eric H.	60385	U.S. Health & Human Services
Pantazin, Christopher M.	60852	DOC/Two Rivers Correctional Institution
Park, Cynthia L.	60519	Lincoln County Community Corrections
Park, Eden V.	60881	DOC/Coffee Creek Correctional Facility
Park, Terresa M.	60620	Josephine County Sheriff's Office
Parker, Alex J.	60415	DOC/Coffee Creek Correctional Facility
Parker, Christopher	60593	Union County Sheriff's Office
Parker, Jared A.	61008	Portland Police Bureau
Parker, Samuel I.	59758	Gresham Police Department
Parks, Hunter T.	59910	DOC/Warner Creek Correctional Facility
Parra, Stevan	61152	Polk County Sheriff's Office
Partin, Angela L.	61085	DOC/Warner Creek Correctional Facility
Partlow, Falon L.	59785	DOC/Eastern Oregon Correctional Institut
Passey, Dustin J.	60392	Jackson County Sheriff's Office
Patrick, Devon J.	60933	Umatilla County Sheriff's Office
Patrick, Reico D.	60375	Clackamas County Sheriff's Office
Patrick, Reico D.	60375	Out of State Employment
Patterson, Jacob S.	60806	Washington County Sheriff's Office
Paul, Bryan M.	59671	Beaverton Police Department
Paulsen, Bethany J.	61062	DOC/Coffee Creek Correctional Facility
Pebley, Vivian R.	59852	Florence Police Department
Pedro-Lopez, Felipe	60154	Portland Police Bureau
Pemberton, Cody H.	38411	Klamath Falls Police Department
Pemberton, Cody H.	38411	Klamath County Community Corrections
Pemberton, Cody H.	38411	173 Security Forces Squadron OANG
Pena, Alexandra I.	59918	Klamath Falls Police Department
Pena, Cristian L.	59717	DOC/Snake River Correctional Institution
Perez, Arthur J.	59858	Department of Veterans Affairs
Perez, Brianna L.	61086	DOC/Warner Creek Correctional Facility
Perez-Diaz, Jose	60930	Eugene Police Department
Perkins, Taylar W.	59864	Out of State Employment
Perkins, Taylar W.	59864	Umatilla County Sheriff's Office
Perry, Charles D.	60923	Portland Police Bureau
Perry, Keely R.	60379	Curry County Sheriff's Office
Petetit, Christopher S.	60988	Josephine County Sheriff's Office
Petit, Hailey L.	60802	Multnomah County Sheriff's Office
Petterson, Taylor S.	59747	DOC/Oregon State Penitentiary
Pettis, Aaron L.	59682	Out of State Employment
Pettis, Aaron L.	59682	Brookings Police Department
Phan, Joseph K.	60277	DOC/Coffee Creek Correctional Facility
Phelan, Bryce J.	60254	Corvallis Police Department
Phillips, Alicia D.	61141	DOC/Eastern Oregon Correctional Institut
Phillips, Amber J.	60219	American Medical Response Northwest
Phillips, Sarah R.	60222	Astoria Police Department
Pierce, Alexandra M.	60441	American Medical Response Northwest
Pierce, Hannah R.	59673	Out of State Employment
Pierce, Hannah R.	59673	Jefferson County Sheriff's Office
Pierce, Hannah R.	59673	Crook County Sheriff's Office
Pierson, Nicholas A.	60209	DOC/Two Rivers Correctional Institution
Pina, Alejandro, Jr.	60323	DOC/Two Rivers Correctional Institution
Pinard, Andrew J.	59948	Oregon State Police
Pinard, Andrew J.	59948	DOC/Eastern Oregon Correctional Institut
Pipher, Brandon J.	61091	Beaverton Police Department
Pitcher, Ryan K.	60581	Emergency Communications of Southern Ore
Pittman, Lynn R.	60056	Klamath 9-1-1 Communications District
Platosh, Damian R.	60750	Federal Bureau of Investigation
Plawman, Timothy L.	60509	DOC/Two Rivers Correctional Institution
Plourde, Brandon D.	60675	DOC/Two Rivers Correctional Institution
Plumeau, Daphne A.	60215	Forest Grove Police Department
Polier, Cory S.	59716	DOC/Snake River Correctional Institution
Pollitt, Alec J.	59672	Beaverton Police Department
Ponce, Kevin A.	60714	Malheur County Sheriff's Office
Ponce-Chavez, Juan	60846	DOC/Two Rivers Correctional Institution
Poore, Rachael N.	60216	Linn County Sheriff's Office
Popp, Mercedez C.	60205	Lane County Parole & Probation
Porras, Raquel R.	60107	DOC/Eastern Oregon Correctional Institut
Potter, April M.	60326	Douglas County Sheriff's Office
Potter, Charles J.	60412	DOC/Coffee Creek Correctional Facility
Potter, Jacob D.	59694	Benton County Sheriff's Office
Potts, Karen A.	60536	Clackamas County Communications
Powell, Erika R.	60710	Willamette Valley Communications Center
Powell, Kelly L.	60590	Portland Police Bureau
Powell, Kenan	60545	Portland State University DPS
Praska, Michael R.	60844	DOC/Oregon State Penitentiary
Pratt, Michael E.	60071	DOC/Columbia River Correctional Institut
Precup, Sebastian I.	60628	Portland Police Bureau
Prevo, Justin L.	60423	Baker City Police Department
Priser, William D.	59846	Eugene Police Department
Pueschel, Theresa M.	59837	Junction City Police Department
Puff, Craig L.	60311	DOC/Santiam Correctional Institution
Pulatie, Caleb N.	59782	DOC/Coffee Creek Correctional Facility
Quesada, Manuel R., Jr.	60345	DOC/Two Rivers Correctional Institution
Quevedo-Ramos, Arturo	60178	DOC/Coffee Creek Correctional Facility
Quintero, Esteban	60115	Out of State Employment
Quintero, Esteban	60115	Medford Police Department
Quintero, Taylor R.	59728	DOC/Snake River Correctional Institution
Quintero-Rojas, Krystal	61018	Washington County Community Corrections
Rabanales, Bryan R.	61029	Mercy Flights
Rabe, Caleb J.	60964	Portland Police Bureau
Rabert, Robert R.	60220	Out of State Employment
Rabert, Robert R.	60220	Washington County Sheriff's Office
Radke, Alexis J.	59710	Washington County Community Corrections
Rains, Gregory S.	60167	DPSST Use Only
Ramirez, Dean B.	59856	Portland Police Bureau
Ramirez, Eron	60084	DOC/Two Rivers Correctional Institution
Ramirez, Valeria	60548	Salem Police Department
Ramos, Anthony V.	60096	Out of State Employment
Ramos, Anthony V.	60096	Deschutes County Sheriff's Office
Ramos, Richard	60113	DOC/Oregon State Penitentiary
Randall, Randee R.	60739	Linn County Sheriff's Office
Randleas, Lucas	60182	Grant County Sheriff's Office
Ranit, Claire M.	59812	The Dalles Police Department
Rasmussen, Andrew R.	59996	Out of State Employment
Rasmussen, Andrew R.	59996	Crook County Sheriff's Office
Rawlings, Colleen M.	60907	National Park Service
Ray, Angel L.	60007	Florence Police Department
Ray, Valerie J.	60410	DOC/Coffee Creek Correctional Facility
Raymer, Daniel W.	59891	Clatsop County Sheriff's Office
Reagle, Jennifer D.	60456	Bureau of Emergency Communications
Redline, Charles H.	60790	Bend Police Department
Reece, Aaron D.	60646	Eugene Police Department
Reed, Adam D.	60008	Medford Police Department
Reed, Joseph E.	60119	Klamath Falls Police Department
Renn, Stephen M.	60314	DOC/Two Rivers Correctional Institution
Reschke, Ryley W.	60882	Portland Police Bureau
Rettler, Shamus M.	60797	Multnomah County Sheriff's Office
Reutov, Steve A.	61051	Yamhill Communications
Reynolds, Daniel J.	50092	Benton County Sheriff's Office
Reynolds, Daniel J.	50092	Stayton Police Department
Reynolds, Robert D.	61115	Harney County Sheriff's Office
Rhinehart, Darci J.	60256	Umatilla County Sheriff's Office
Rice, Gordan E.	60880	DOC/Coffee Creek Correctional Facility
Rice, Mitchell L.	20485	Beaverton Police Department
Rice, Mitchell L.	20485	Oregon State Police
Rice, Mitchell L.	20485	Oregon City Police Department
Rice, Mitchell L.	20485	Multnomah County Sheriff's Office
Rich, Jackson L.	60438	Josephine County Sheriff's Office
Rich, Todd K.	61046	Prineville Police Department
Richards, Garrett D.	60932	Portland Police Bureau
Richardson, Amy R.	60015	Multnomah County Sheriff's Office
Richcreek, Maria-Pema M.	59715	DOC/Snake River Correctional Institution
Richmond, Jeremy L.	60986	Springfield Police Department
Ricker, Carmen L.	60765	DOC/Coffee Creek Correctional Facility
Rickert, Christopher S.	59736	DOC/Eastern Oregon Correctional Institut
Ridgley, Breyton W.	60353	Josephine County Sheriff's Office
Ridgley, Breyton W.	60353	Out of State Employment
Riedberger, Geoffrey R.	60430	Marion County Sheriff's Office
Riehl, Jared A.	60452	Clackamas County Sheriff's Office
Rilee, Jacob A.	60129	Baker County Sheriff's Office
Rimington, John M.	60775	West Linn Police Department
Rios, Vanessa A.	60416	DOC/Coffee Creek Correctional Facility
Rios-Noonkester, Joshua R.	60297	Woodburn Police Department
Rivers, Madison L.	61042	Wasco County Sheriff's Office
Roady, Robert W.	59859	Department of Veterans Affairs
Roberson, Christopher M.	60061	U.S. Marshals Service
Roberts, Andrew B.	59847	Eugene Police Department
Roberts, Kayla M.	60667	Junction City Police Department
Robinson, Kelly A.	60518	Washington County Community Corrections
Robinson, Kimberly A.	60376	Umatilla County Community Corrections
Robinson, Richard N.	25569	DOC/Oregon State Penitentiary
Robinson, Thomas C.	59957	Lake County Sheriff's Office
Robinson, Tyler L.	60464	Benton County Sheriff's Office
Robles, Francisco Z.	60204	Lane County Parole & Probation
Robles, Karina P.	61099	Portland Police Bureau
Rochelle, Brittany J.	61012	Washington County Community Corrections
Rodriguez, Edgar	61069	Oregon State University Police Dept
Rodriguez, Zaragoza E., III	59663	Yamhill County Sheriff's Office
Roeber, Patrick W.	60818	DOC/Snake River Correctional Institution
Rogers, Dallas D.	61119	Central Lane Communications Center
Rogers, Molly V.	59654	Washington County Community Corrections
Rogers, Ryan M.	59772	Springfield Police Department
Rogers, Ryan M.	59772	Clackamas County Sheriff's Office
Roland, Victoria E.	60669	DOC/Oregon State Penitentiary
Romero, Pete P., Jr.	60937	DOC/Coffee Creek Correctional Facility
Romero, Steven	60018	Out of State Employment
Romero, Steven	60018	Ontario Police Department
Rosenbohm, Bennett W.	60377	Portland Police Bureau
Rosentrater, Lucas P.	60239	DOC/Warner Creek Correctional Facility
Ross, Shannon M.	59966	W.C.C.C.A.
Roufs, Daniel T.	60624	Eugene Police Department
Rowe, John E.	59976	Coquille Police Department
Rowland, Marialice	60546	Portland Police Bureau
Rowley, Samuel A.	59739	Umatilla County Sheriff's Office
Rubio, Martin A.	60510	DOC/Two Rivers Correctional Institution
Rubio, Ramiro A.	60078	DOC/Two Rivers Correctional Institution
Rue, Zachary J.	60368	Yamhill County Sheriff's Office
Ruiz, Cheyanne L.	61049	Washington County Community Corrections
Ruiz, Juan M.	60370	DOC/Oregon State Penitentiary
Rupe, Jeremiah B.	60942	Coburg Police Department
Rupp, Taten S.	60982	Eugene Police Department
Rusnac, Daniel J.	60525	Portland Police Bureau
Russo, Leonard	60386	U.S. Health & Human Services
Ryder, Clinton L.	60106	DOC/Eastern Oregon Correctional Institut
Rynearson, Eric D.	60135	Union County Sheriff's Office
Saalfeld, Aaron J.	60283	Washington County Sheriff's Office
Saddler, Timothy A.	60931	Tillamook Police Department
Sagar, Dorothy K.	60810	Hillsboro Police Department
Salazar, Breanna M.	60249	Bay Cities Ambulance
Salazar, Erik J.	60921	Lane County Sheriff's Office
Saldana, Fernando	60511	DOC/Two Rivers Correctional Institution
Saldivar, Francisco J.	60540	Portland State University DPS
Salgado, Francisco J.	60126	Hood River Police Department
Salgado, Yosajandy	60158	Central Lane Communications Center
Salinas, Cierra E.	59971	Curry County Sheriff's Office
Sallee, Joseph M.	60085	DOC/Two Rivers Correctional Institution
Sanchez, Evelynn N.	60855	Klamath County Sheriff's Office
Sanchez-Delgado, Raymundo	60021	DOC/Two Rivers Correctional Institution
Sand, Tristan P.	59658	Baker County Sheriff's Office
Sanders, Charles J.	60280	Deschutes County Sheriff's Office
Sanders, Evan S.	59771	Clackamas County Sheriff's Office
Sandoval, Jose L.	60501	Washington County Sheriff's Office
Sanguinetti, Amber L.	59680	DPSST Use Only
Sanguino, Gerardo, Jr.	60512	DOC/Two Rivers Correctional Institution
Sanguino, Liliana M.	60086	DOC/Two Rivers Correctional Institution
Saulo, Caleb S.	59701	Warm Springs Police Department
Saunders, Courtney L.	59759	DOC/Coffee Creek Correctional Facility
Sauter, William M.	61149	Hood River County Sheriff's Office
Sawtell, Peter A.	60650	U.S. Forest Service
Schaap, William R.	60599	Silverton Police Department
Schatzlein, Kevin M.	60105	DOC/Eastern Oregon Correctional Institut
Schlechter, Benjamin M.	60811	Bend Police Department
Schmidt, Hans-Dieter H.	60402	U.S. Forest Service
Schmidt, Jay J.	60529	Multnomah County Sheriff's Office
Schneckenburger, Scott J.	60387	U.S. Health & Human Services
Schneider, Dustin J.	60024	Klamath County Sheriff's Office
Schofield, Benjamen C.	61140	DOC/Eastern Oregon Correctional Institut
Schrudder, Kyle B.	60956	DOC/Eastern Oregon Correctional Institut
Schultz, Alec R.	61081	Portland Police Bureau
Schulz, Benjamin V.	60605	Roseburg Police Department
Schwanke, Troy A.	61144	Lane County Sheriff's Office
Schwarzkopf, Conrad L.	60232	Springfield Police Department
Schwarzkopf, Conrad L.	60232	Out of State Employment
Scott, Jason T.	60244	Albany Police Department
Scott, Kaitlyn G.	60214	Forest Grove Police Department
Scusa, JuliAnna	60432	Portland Police Bureau
Seals, Mitchell A.	60343	DOC/Eastern Oregon Correctional Institut
Sederholm, Alexander J.	60962	Portland Police Bureau
Seehafer, Dustin A.	60823	Lane County Sheriff's Office
Seelye, Colten C.	60029	Morrow County Sheriff's Office
Segui, Jenson R.	60926	Seaside Police Department
Seifert, Colby J.	60863	Astoria Police Department
Selman, Nicholas R.	60970	DOC/Eastern Oregon Correctional Institut
Shairs, Dylan M.	61103	Portland Police Bureau
Shaver, Christopher A.	60489	Out of State Employment
Shaver, Christopher A.	60489	Curry County Sheriff's Office
Shaw, Eric A.	60130	Baker County Sheriff's Office
Shaw, Wesley	60900	Ontario Police Department
Shenefelt, Jesse S.	60541	Out of State Employment
Shenefelt, Jesse S.	60541	Curry County Sheriff's Office
Sherman-Burton, Wilson L.	60378	Portland Police Bureau
Shipman, Michael L.	59675	Crook County Sheriff's Office
Shouman, Austin L.	60434	Portland Police Bureau
Shumaker, Isaac R.	60161	Polk County Sheriff's Office
Sicairos, Arnold	61075	Emergency Communications of Southern Ore
Siller, Martin	59893	Out of State Employment
Siller, Martin	59893	Eugene Police Department
Silva, Lance R.	59935	Oregon State Police
Silva, Lance R.	59935	Out of State Employment
Simes, Heather M.	59756	Jefferson County Community Corrections
Simpson, Leigh M.	60388	U.S. Health & Human Services
Sinclair, Lucas J.	59706	Philomath Police Department
Sitterley, Michael Z.	60665	DOC/Oregon State Penitentiary
Sizer, Katrina M.	60630	Prineville Police Department
Skelton, Nicholas A.	60547	Salem Police Department
Skinner, David W.	60227	Out of State Employment
Skinner, David W.	60227	Clackamas County Sheriff's Office
Skinner, Kari M.	36441	Eugene School District Public Safety
Skinner, Kari M.	36441	Out of State Employment
Skinner, Kari M.	36441	Hillsboro Police Department
Skinner, Logan D.	59863	Umatilla County Sheriff's Office
Skjelstad, Rachael N.	60607	Beaverton Police Department
Slinkard, Phil R.	59745	Federal Bureau of Investigation
Smith, Amber M.	60023	Marion County Sheriff's Office
Smith, Holly M.	60841	DOC/Oregon State Penitentiary
Smith, Jason A.	59737	Coburg Police Department
Smith, Jason A.	59737	Springfield Police Department
Smith, Jesse D.	60307	Deschutes County Sheriff's Office
Smith, Josiah A.	59923	Oregon State Police
Smith, Molly M.	59960	Washington County Sheriff's Office
Smith, Nicole M.	61118	Central Lane Communications Center
Smyth, Thomas B.	59874	Josephine County Sheriff's Office
Smythe, Bonnie R.	60693	DOC/Eastern Oregon Correctional Institut
Snow, Amanda S.	60248	Bay Cities Ambulance
Snyder, Alyssa	61108	Bend Police Department
Snyder, Laurie L.	46283	Boardman Police Department
Snyder, Laurie L.	46283	Morrow County Sheriff's Office
Snyder, Michael R.	60486	Reedsport Police Department
Sobotta, Perry J.	60513	DOC/Two Rivers Correctional Institution
Soler-Gonzalez, Gerbis D.	60156	Portland Police Bureau
Solorio, Jairo	60121	Eugene Police Department
Solorio, Jairo	60121	Out of State Employment
Sorenson, Rhonda J.	60140	Grant County Emergency Communications
Soto, Gustabo A.	60079	DOC/Coffee Creek Correctional Facility
Soto, Luis A.	59789	Multnomah County Sheriff's Office
Soto-Ochoa, Antonio	60716	DOC/Coffee Creek Correctional Facility
Soukup, Laura K.	61070	Beaverton Police Department
Sparks, Christopher P.	60213	Coos Bay Police Department
Spence, Joshua R.	59729	DOC/Snake River Correctional Institution
Spencer, Andrew J.	60557	Polk County Sheriff's Office
Spivey, Evelynn S.	59659	Baker County Sheriff's Office
Srisongkham, Kenny	60813	Portland Police Bureau
St. John, Jason T.	60522	Ashland Police Department
St. John, Jason T.	60522	Out of State Employment
Stacey, Marc A.	60332	Deschutes County 9-1-1
Stacey, Michelle P.	60448	Oregon State Police
Stagl, Cameron M.	61060	DOC/Coffee Creek Correctional Facility
Stamp, Tiffany M.	59881	Emergency Communications of Southern Ore
Stanbery, Coady L.	60136	Curry County Sheriff's Office
Starks, Jeff L.	60984	Out of State Employment
Starks, Jeff L.	60984	Port of Portland Police Department
Steeves, Micah T.	60602	Carlton Police Department
Stein, Kalyn A.	60224	Umatilla Tribal Police Department
Steiner, Scott	59807	DPSST Use Only
Stephens, Melissa J.	60042	Lincoln County Sheriff's Office
Stetson, Kyle A.	61104	Salem Police Department
Stevens, Logan N.	60365	Bend Police Department
Stevens, Victor M.	60299	Port of Portland Police Department
Stevenson, Morgan Y.	59848	Eugene Police Department
Stewart, Cortney M.	60468	Umatilla County Sheriff's Office
Stewart, Erik T.	59740	Umatilla County Sheriff's Office
Stewart, Melanie R.	60446	Washington County Community Corrections
Stewart, Rylee A.	61148	Portland Police Bureau
Stewart, Sarah B.	60771	Curry County Sheriff's Office
Stice, Travis L.	60272	DOC/Snake River Correctional Institution
Stickland, Cheyenne S.	60444	DOC/Coffee Creek Correctional Facility
Stillman, Katlynn R.	60685	DOC/Eastern Oregon Correctional Institut
Stinson, Sarah J.	60980	Corvallis Police Department
Stockbridge, Andrew B.	59792	Willamette Valley Communications Center
Stolzenberger, Kylie F.	61102	Portland Police Bureau
Stone, Jamie A.	59757	Crook County Sheriff's Office
Storm, Darian M.	60424	Grant County Emergency Communications
Storm, Katie A.	60664	DOC/Oregon State Penitentiary
Stramler, Jackson W.	59849	Eugene Police Department
Stratemeyer, Malia M.	59778	DOC/Eastern Oregon Correctional Institut
Stringer, Christian H.	60400	DPSST Use Only
Stubbs, Benjamin B.	60608	Beaverton Police Department
Stubbs, Brandi L.	59660	Josephine County Sheriff's Office
Stuck, Lisa C.	60539	Northern Oregon Correctional Facility
Studtmann, Samuel J.	59755	Nyssa Police Department
Sturgeon, Matthew J.	60523	Sherwood Police Department
Stutzman, Jacob A.	61121	Morrow County Sheriff's Office
Stutzman, Kylee J.	59803	DOC/Coffee Creek Correctional Facility
Styles, Jonathan R.	59838	Beaverton Police Department
Suboh, Fahmy J.	60125	Portland Police Bureau
Sullivan, Amber	60159	Central Lane Communications Center
Sumner, Jeffery J.	59788	Multnomah County Sheriff's Office
Sundin, Robert E.	60111	DOC/Eastern Oregon Correctional Institut
Susbauer, Steven T.	59968	W.C.C.C.A.
Sutfin, Lucas W.	60366	Bend Police Department
Swalley, Ashley R.	61021	Multnomah County Sheriff's Office
Swanson, Pete G.	59677	DPSST Use Only
Swartz, Cody M.	59518	Lake Oswego Police Department
Swearingen, Sandra L.	60499	Lane County Sheriff's Office
Symons, Logan D.	59724	DOC/Snake River Correctional Institution
Tacadena, Jesse L.	60569	Marion County Sheriff's Office
Tacon, Sean D.	60808	Washington County Sheriff's Office
Taira, Matthew T.	61048	Portland Police Bureau
Taleghani, Shelli L.	60679	DOC/Two Rivers Correctional Institution
Tamayo, Christopher J.	60062	U.S. Marshals Service
Tappero, Julee M.	60597	Multnomah County Sheriff's Office
Tate, Randall C.	60709	Hillsboro Police Department
Taylor, Andrew J.	60184	Dallas Police Department
Taylor, Brittnee F.	60856	Multnomah County Sheriff's Office
Taylor, Michael R., Jr.	60953	DOC/Eastern Oregon Correctional Institut
Taylor, Nikki L.	60619	Lane County Sheriff's Office
Taylor, Zachary M.	59922	Oregon State Police
Tedrow, Chase B.	61004	Corvallis Police Department
Teichler, Chad M., Jr.	61111	Salem Police Department
Tencati, Andrew R.	60139	Mercy Flights
Tennant, Rebecca A.	60333	Willamette Valley Communications Center
Ternes, Matthew C.	60694	DOC/Two Rivers Correctional Institution
Terry, Emily V.	60127	Coos County Sheriff's Office
Thelen, Clay F.	61138	DOC/Two Rivers Correctional Institution
Thomas, Joshua A.	60306	Multnomah County Sheriff's Office
Thomas, Matthew J.	61068	Albany Police Department
Thompson, Amy M.	60862	DOC/Warner Creek Correctional Facility
Thompson, Annabelle M.	60577	W.C.C.C.A.
Thompson, David M.	60697	DOC/Powder River Correctional Facility
Thompson, Michael S.	60696	DOC/Eastern Oregon Correctional Institut
Thompson, Trevor R.	60848	DOC/Eastern Oregon Correctional Institut
Thompson-Kiefer, Jenny K.	60300	Cannon Beach Police Department
Thomson, Colton D.	59985	DOC/Snake River Correctional Institution
Thorson, Michael A.	60192	Oregon Liquor Control Commission
Tiktin-Mitchell, Marcus T.	59921	Oregon State Police
Tipton, Annita D.	60580	Washington County Community Corrections
Tomach, Adam J.	60552	U.S. Forest Service
Toney, Shane W.	61014	Marion County Sheriff's Office
Torre, John G.	60361	DOC/Two Rivers Correctional Institution
Torres, Guadalupe E.	60922	Lane County Sheriff's Office
Torres, Josue	60465	Benton County Sheriff's Office
Torres, Lisset	60668	DOC/Mill Creek Correctional Facility
Toumbs, Robert W.	60403	Benton County Sheriff's Office
Towe, Jordan J.	59861	Phoenix Police Department
Towers, Corban K.	60878	DOC/Oregon State Penitentiary
Towey, Daniel J.	61153	Salem Police Department
Trail, Chelsea E.	61039	Deschutes County Sheriff's Office
Trammel, Violet M.	59882	OHSU University Police
Trammel, Violet M.	59882	Monmouth Police Department
Tran, Ngoc V.	60879	DOC/Coffee Creek Correctional Facility
Traverso, Anthony M.	60138	Multnomah County Sheriff's Office
Triana, Vanessa	60305	Multnomah County Sheriff's Office
Tribby, Joshua M.	60152	Marion County Sheriff's Office
Trimboli, Taylor J.	60491	Lane County Sheriff's Office
Trotter, Hillary L.	61078	Josephine County Sheriff's Office
Truelove, Valarie K.	60203	Lane County Parole & Probation
Turkington, David W.	60097	Out of State Employment
Turkington, David W.	60097	Deschutes County Sheriff's Office
Turner, Christine J.	60534	Clackamas County Communications
Turnhamm, Joe M., III	61156	Rogue River Police Department
Ulrich, Gregory D.	48893	Pilot Rock Police Department
Ulrich, Gregory D.	48893	DOC/Two Rivers Correctional Institution
Unrau, Melissa M.	60223	Albany Police Department
Valadez, Justin D.	60755	Oregon State Police
Valdovinos, Edgar N.	59666	Talent Police Department
Valdovinos, Edgar N.	59666	Josephine County Sheriff's Office
Van-AlderwereIt, Karsten P.	59855	Out of State Employment
Van-AlderwereIt, Karsten P.	59855	Bend Police Department
Van-Arsdell, Garrett C.	59912	DOC/Warner Creek Correctional Facility
VanBatavia, Anthony J.	51939	Umatilla County Sheriff's Office
VanBatavia, Anthony J.	51939	Burns Paiute Tribal Police Department
VanEckhardt, Perry C.	60754	Oregon State Police
VanSoolen, Gavin D.	61059	DOC/Oregon State Correctional Institutio
Vasquez, Sean M.	60571	DOC/Shutter Creek Correctional Instituti
Vause, Eric R.	61017	Columbia County Sheriff's Office
Vavold, Kimberly S.	61132	DOC/Snake River Correctional Institution
Vedder, Brittany R.	59959	Washington County Sheriff's Office
Vela, Alexis A.	61113	Jackson County Sheriff's Office
Vera, Jared E.	59920	Oregon State Police
Verity, Justin M.	61133	DOC/Snake River Correctional Institution
Vermace, Michael S.	60030	Clackamas County Sheriff's Office
Vermilyea, Ryan L.	60920	Lane County Sheriff's Office
Vermilyea-Dropek, Elizabeth A.	60398	Central Lane Communications Center
Vespoli, Joseph J.	16121	Board Regulatory Action
Vidal, David S.	59975	Corvallis Police Department
Villa, Ruben D.	61139	DOC/Eastern Oregon Correctional Institut
Villalta, Victor J.	60804	Washington County Sheriff's Office
Vincent, Amanda B.	60425	DOC/Deer Ridge Correctional Institution
Vines, Christopher L.	60273	DOC/Snake River Correctional Institution
Voelker, Joseph K.	60726	Clatsop County Sheriff's Office
Vogt, Jason L.	60514	DOC/Two Rivers Correctional Institution
Voltolini, Samantha L.	59839	Portland Police Bureau
Vose, Angie L.	60019	Oregon State Police
Vose, Angie L.	60019	Out of State Employment
Vrooman, Gary S.	60237	Coos Bay Police Department
Vrooman, Gary S.	60237	Out of State Employment
Vu, Therese Kim	60401	U.S. Health & Human Services
Wadman, Nelson S.	60202	Lane County Parole & Probation
Wakem, Brody M.	59943	Oregon State Police
Waldrop, Justin T.	60180	DOC/Coffee Creek Correctional Facility
Walker, Cody A.	60893	Medford Police Department
Walker, Daniel L.	46793	DOC/Oregon State Correctional Institutio
Walker, Daniel L.	46793	Grand Ronde Tribal Police Department
Walker, Elliott L.	60561	Portland Police Bureau
Walker, Jade	60069	OHSU University Police
Walker, Keenan A.	59762	Florence Police Department
Wallace, Charlie R.	60910	Washington County Community Corrections
Wallace, Evan T.	59773	Tillamook County Sheriff's Office
Wallace, John M.	60169	DOC/Coffee Creek Correctional Facility
Walters, Brady M.	60824	National Park Service
Walters, Brady M.	60824	Yamhill County Sheriff's Office
Walters, Cassidy L.	60120	Central Point Police Department
Walton, Charlotte K.	60629	Tillamook County 911
Wambold, Nicholas A.	59907	Portland Police Bureau
Ward, Lindsey M.	60704	Harney County Sheriff's Office
Ware, Nathan L.	60134	Multnomah County Sheriff's Office
Warner, Gage M.	60686	DOC/Eastern Oregon Correctional Institut
Warren, Connor G.	60288	Clackamas County Sheriff's Office
Warren, Rachel E.	59829	Sweet Home Police Department
Weaver, Joshua T.	60405	Douglas County Sheriff's Office
Webb, Melissa A.	60352	Washington County Community Corrections
Weeks, Aaron D.	60123	Out of State Employment
Weeks, Aaron D.	60123	Eugene Police Department
Wehr, Seth M.	60411	DOC/Coffee Creek Correctional Facility
Wehr, Seth M.	60411	Dallas Police Department
Weigel, Seth E.	60063	U.S. Marshals Service
Weisgerber, Michael W.	60578	W.C.C.C.A.
Welch, Joseph C.	60393	Multnomah County Sheriff's Office
Welch, Kylee R.	60470	Springfield Police Department
Wenger, Raymond H., II	43470	John Day Police Department
Wenger, Raymond H., II	43470	Grant County Sheriff's Office
West, Benjamin D.	60954	DOC/Coffee Creek Correctional Facility
Wetzsteon, Adam W.	61100	Portland Police Bureau
Wharton, Cameron A.	59911	DOC/Two Rivers Correctional Institution
Whelan, James C.	59686	Multnomah County Sheriff's Office
Whipple, Cole M.	59978	Washington County Sheriff's Office
White, Daniel L.	59760	DOC/Coffee Creek Correctional Facility
White, Glen E.	60012	Clackamas County Sheriff's Office
White, Julian R.	60936	DOC/Eastern Oregon Correctional Institut
White, Timothy J.	60870	Seaside Police Department
Whitford, Keith A.	59695	Bend Police Department
Whittaker, Chance K.	59734	DOC/Snake River Correctional Institution
Whittaker, Chance K.	59734	DOC/Eastern Oregon Correctional Institut
Whitten, Ashley A.	60543	Portland State University DPS
Whitten, Rebecca L.	60346	Bureau of Emergency Communications
Wiedmann, Delane E.	60442	American Medical Response Northwest
Wigham, Kenneth C.	59693	Benton County Sheriff's Office
Wigham, Kenneth C.	59693	Toledo Police Department
Wilbourn, Samuel R.	60190	Portland Police Bureau
Wilcox, Kelli M.	60817	DOC/Snake River Correctional Institution
Wilcox, Zachary R.	59903	Multnomah County Sheriff's Office
Wilgus, Garrett F.	60603	Portland Police Bureau
Wilkinson, Penny M.	60253	Corvallis Police Department
Williams, Cody A.	59685	Out of State Employment
Williams, Cody A.	59685	McMinnville Police Department
Williams, Ian W.	60520	Lincoln County Community Corrections
Williams, Tyler D.	59662	Wasco County Sheriff's Office
Willmarth, Ryder D.	60955	DOC/Eastern Oregon Correctional Institut
Wilson, Cassidy L.	59870	Jackson County Community Justice
Wilson, Esther L.	60568	Klamath County Sheriff's Office
Wilson, Jason T.	59676	Bend Police Department
Wilson, Matthew D.	60676	DOC/Two Rivers Correctional Institution
Wilson, Nicholas D.	60687	DOC/Eastern Oregon Correctional Institut
Wilson, Tyler P.	61079	DOC/Eastern Oregon Correctional Institut
Winder, Shane R.	37127	Portland Police Bureau
Winder, Shane R.	37127	U.S. Postal Inspection Service
Wingo, Ian C.	59691	Lebanon Police Department
Winsor, Wayne T.	60780	DHS Federal Protective Service-Portland
Winterhalter, Timothy S.	59860	Department of Veterans Affairs
Winters, Daniel E.	60705	Gladstone Police Department
Wiser, Tinsley M.	60493	Lane County Sheriff's Office
Witherow, Stephen M.	59890	Jefferson County Sheriff's Office
Witmer, Brandon M.	60524	Klamath Falls Police Department
Witzel, Nicholas J.	60909	Harney County Sheriff's Office
Wojtas, James M.	60935	DOC/Eastern Oregon Correctional Institut
Wolfe, Tyler J.	60449	Portland Police Bureau
Wolfer, Paul D.	60101	Portland Police Bureau
Wolgast, Ashley M.	61076	Emergency Communications of Southern Ore
Wood, Nathan A.	61145	Multnomah County Sheriff's Office
Woods, Joshua K.	60151	Coos County Sheriff's Office
Woods, Paul C.	60690	Federal Bureau of Investigation
Woody, Hance D.	61002	Washington County Sheriff's Office
Wray, Debbi R.	32549	Baker County Sheriff's Office
Wray, Debbi R.	32549	Gresham Police Department
Wright, Natalie J.	61094	Benton County Sheriff's Office
Wunische, Isaiah W.	59761	DOC/Coffee Creek Correctional Facility
Yakubisin, Catherine V.	60265	Multnomah County Sheriff's Office
Yamanoi, Richard T.	60892	Portland Police Bureau
Yanis, Artem O.	60335	DOC/Oregon State Correctional Institutio
Ybarra, Tianna R.	60864	Gresham Police Department
Young, Anthony T.	60701	Canby Police Department
Young, Vashti F.	59681	DPSST Use Only
Young-Roberts, Shannon C.	60617	Emergency Communications of Southern Ore
Youngblood, Joseph O.	60601	Federal Bureau of Investigation
Youngbloom, Wesley A.	59850	Eugene Police Department
Yunker, Garrett S.	60752	Oregon State Police
Zacharias, Diana M.	60934	DOC/Eastern Oregon Correctional Institut
Zamarripa, Edgar H.	60677	DOC/Two Rivers Correctional Institution
Zamora, Kevin	59905	Beaverton Police Department
Zapata, Irydiana	60321	DOC/Two Rivers Correctional Institution
Zehner, Christopher E.	60770	DOC/Coffee Creek Correctional Facility
Zeman, Jennifer L.	60732	W.C.C.C.A.
Zeyen, Renee J.	60874	DOC/Oregon State Penitentiary
Zurcher, Brittany	59824	Oregon State Police
Zwald, Eric R.	59894	Scappoose Police Department
Zwald, Eric R.	59894	St. Helens Police Department
